FullFilerName,Filer,Winner,WinnerBid,FilerBid,Winner_technical,Filer_technical,Winner_past performance,Filer_past performance,Winner_personnel,Filer_personnel,Winner_management,Filer_management,Winner_experience,Filer_experience,Winner_small business,Filer_small business,URL
"Babel Street, Inc.",Babel,Dataminr,258661096.66,67500000.0,1.0,0.0,1.0,0.0,,,,,,,,,https://www.gao.gov/products/b-418730.5%2Cb-418730.6
"American Electronics, Inc.",Amelex,PSI Pax,45327779.0,47905997.0,1.0,1.0,0.0,0.0,,,,,,,,,https://www.gao.gov/products/b-419659%2Cb-419659.2
"Qwest Government Services, Inc. d/b/a CenturyLink QGS",CenturyLink,Verizon,157630587.0,283790911.0,0.5,0.5,1.0,1.0,0.0,0.0,,,,,,,https://www.gao.gov/products/b-419597%2Cb-419597.2
"Linchpin Solutions, Inc.",Linchpin,ACLC,33207839.0,33778624.0,0.5,0.5,1.0,0.0,,,,,,,,,https://www.gao.gov/products/b-419564
"Manhattan Strategy Group, LLC",MSG,STGi,12810632.0,13295714.0,0.5,0.0,1.0,0.75,0.5,0.5,0.5,0.0,0.5,0.0,,,https://www.gao.gov/products/b-419040.3
Aviation Ground Equipment Corporation,AGEC,Essex,46638225.0,62553469.0,1.0,1.0,0.0,1.0,,,1.0,0.5,,,,,https://www.gao.gov/products/b-417711.2%2Cb-417711.3
"ENGlobal Government Services, Inc.",EGS,KBR,38109181.0,46749493.0,0.5,0.5,0.0,0.0,,,0.0,0.5,,,,,https://www.gao.gov/products/b-419612%2Cb-419612.2
"Candor Solutions, LLC",Candor Solutions (Protester),Systems Plus (Awardee),163512889.0,139903734.0,0.0,0.0,0.0,0.0,0.0,0.0,0.0,0.0,,,,,https://www.gao.gov/products/b-417950.5%2Cb-417950.6
"Morgan Business Consulting, LLC",Morgan,Synchron,106998695.0,119083198.0,0.5,0.5,1.0,1.0,0.5,0.5,0.0,0.0,,,,,https://www.gao.gov/products/b-418165.6%2Cb-418165.9
"CACI, Inc.-Federal",CACI,ManTech,94937881.0,120303456.0,0.5,1.0,0.75,0.75,,,0.5,0.5,,,,,https://www.gao.gov/products/b-418400.7%2Cb-418400.8
"CW Government Travel, Inc.",CWT,BCD,43748726.0,53718178.0,1.0,0.5,1.0,1.0,,,,,,,0.0,0.0,https://www.gao.gov/products/b-419193.4%2Cb-419193.5%2Cb-419193.6
"CW Government Travel, Inc.",CWT,BCD,43748726.0,53718178.0,0.5,0.5,0.5,1.0,,,,,,,0.0,0.0,https://www.gao.gov/products/b-419193.4%2Cb-419193.5%2Cb-419193.6
"Verizon Business Network Services, Inc.",Verizon,AT&T,306183079.0,749085499.0,,,,,,,1.0,1.0,,,,,https://www.gao.gov/products/b-419271.5%2Cb-419271.6%2Cb-419271.8
"ORBIS Sibro, Inc.",ORBIS,Synchron,106998695.0,127395767.0,0.5,0.5,1.0,0.0,0.5,0.5,0.0,0.0,,,,,https://www.gao.gov/products/b-418165.7%2Cb-418165.8%2Cb-418165.10
"Qwest Government Services, Inc. d/b/a CenturyLink QGS",CenturyLink,AT&T,306183079.0,279932592.0,,,,,,,1.0,0.5,,,,,https://www.gao.gov/products/b-419271.4%2Cb-419271.7
"PAE Aviation and Technical Services, LLC",PAE,Vertex,534872306.0,586057296.0,,,,,,,,,,,,,https://www.gao.gov/products/b-418828.3
"A-P-T Research, Inc.",ARES,APT,65094711.0,54941108.0,,,,,,,0.0,0.0,,,,,https://www.gao.gov/products/b-419459
Vectrus Systems Corporation,Vectrus,KBR,557498425.0,484594108.0,0.0,0.0,1.0,0.0,,,,,,,,,https://www.gao.gov/products/b-419143%2Cb-419143.2
"National Capitol Contracting, LLC",NCC,Yorktel,52203876.0,52230439.0,1.0,0.5,1.0,0.0,,,,,,,,,https://www.gao.gov/products/b-418402.3
"Leading Edge Aviation Services, Inc.",Leading Edge,Bighorn Airways,5735310.0,4365000.0,0.75,0.0,,,,,,,,,,,https://www.gao.gov/products/b-419427
"CDIC, Inc.",CDIC,Council Rock,3175051.0,3871083.0,,,0.5,0.5,,,,,,,,,https://www.gao.gov/products/b-419254%2Cb-419254.2
"OBXtek, Inc.",OBXtek,BMA,32048215.0,36827630.0,,,,,,,1.0,1.0,1.0,0.5,0.0,0.0,https://www.gao.gov/products/b-419478%2Cb-419478.2
Ajanta Consulting LLC,Ajanta,PacArctic,21846480.0,15947959.0,1.0,0.5,0.0,0.0,,,1.0,0.5,1.0,1.0,,,https://www.gao.gov/products/b-419523%2Cb-419523.2
"VxL Enterprises, LLC",VxL,Triple Canopy,64315185.0,64097620.0,,,0.75,0.0,,,0.75,0.75,,,,,https://www.gao.gov/products/b-419467.2
"CACI, Inc.-Federal",CACI,Booz Allen,213826387.0,224026400.0,1.0,1.0,1.0,1.0,,,,,,,,,https://www.gao.gov/products/b-419371.3
"Creoal Consulting, LLC",Creoal,Savantage,111525886.0,100555952.0,0.5,0.5,,,,,0.5,0.5,1.0,0.5,,,https://www.gao.gov/products/b-419460%2Cb-419460.2
"Goldschmitt and Associates, LLC",Goldschmitt,WITS,8237888.0,9484863.0,1.0,1.0,0.75,0.75,,,,,0.5,0.5,,,https://www.gao.gov/products/b-418459.2%2Cb-418459.3
"IAP World Services, Inc.",IAP,VJFS,154100049.0,168337041.0,0.5,1.0,1.0,1.0,,,,,0.5,1.0,0.5,0.5,https://www.gao.gov/products/b-418566.2%2Cb-418566.3%2Cb-418566.4
"ICF Incorporated, L.L.C.",ICF,LEIDOS,137171726.0,175642279.0,0.0,0.0,,,,,,,,,0.0,0.0,https://www.gao.gov/products/b-419049.3%2Cb-419049.4
Navarre Corporation,Navarre,KTS,2788827.0,2956450.0,0.85,0.5,1.0,0.0,,,,,,,,,https://www.gao.gov/products/b-419088.2
"UltiSat, Inc.",UltiSat,SES-GS,37274440.0,28422514.0,,,,,,,,,,,,,https://www.gao.gov/products/b-418769.2%2Cb-418769.3
Guidehouse LLP,Guidehouse,Grant Thornton,1653118.0,535814.0,1.0,1.0,,,,,1.0,1.0,0.5,0.5,,,https://www.gao.gov/products/b-419336%2Cb-419336.3%2Cb-419336.5
"Lukos-VATC JV III, LLC",Lukos,F3EA,4347814.0,4727661.0,,,1.0,0.0,,,1.0,0.5,,,,,https://www.gao.gov/products/b-418427.9%2Cb-418427.11
"Zodiac-Poettker HBZ JV, LLC",Zodiac,AK,56070000.0,60492000.0,,,0.0,1.0,,,0.5,0.5,,,,,https://www.gao.gov/products/b-419292
Deloitte Consulting LLP,Deloitte,Grant Thornton,1653118.0,867064.0,1.0,1.0,,,,,1.0,0.5,0.5,0.5,,,https://www.gao.gov/products/b-419336.2%2Cb-419336.4%2Cb-419336.6
GVI Inc.,GVI,Leidos,154630419.0,141354736.0,0.0,0.0,1.0,-0.25,0.0,0.0,,,,,0.0,0.0,https://www.gao.gov/products/b-419397%2Cb-419397.2
"Octo Metric, LLC",Octo Metric,Valida-Tek,190345983.0,195994200.0,,,,,,,0.0,0.0,,,,,https://www.gao.gov/products/b-419177
SOC LLC,SOC,GardaWorld,58261414.0,54654587.0,1.0,-1.0,1.0,-0.25,,,0.5,-0.25,,,,,https://www.gao.gov/products/b-418487.2%2Cb-418487.3
"Clear Global Solutions, LLC",CGS,Strativia,13696039.0,18544695.0,1.0,1.0,0.75,0.75,,,,,,,,,https://www.gao.gov/products/b-419402
"KIRA Training Services, LLC, dba KIRA Facilities Services",KIRA,Invicta,22300325.0,27664538.0,1.0,1.0,0.0,0.0,,,0.5,0.5,1.0,1.0,,,https://www.gao.gov/products/b-419149.2%2Cb-419149.3
"Coventry Healthcare Workers' Compensation, Inc.",Coventry,Optum,549559715.0,569893999.0,1.0,1.0,0.75,0.75,1.0,1.0,,,1.0,1.0,,,https://www.gao.gov/products/b-417237.5
Microgenics Corporation,Microgenics,Siemens,9944205.0,15195775.0,,,0.0,1.0,,,,,,,,,https://www.gao.gov/products/b-419470
"Stargates, Inc.",STARGATES,KMS,52536654.0,71621046.0,0.0,0.5,0.0,1.0,0.5,0.5,,,,,,,https://www.gao.gov/products/b-419349%2Cb-419349.2%2Cb-419349.3
"Torrent Technologies, Inc.",Torrent,NFS,27075352.0,90589559.0,,,0.5,1.0,,,,,1.0,1.0,,,https://www.gao.gov/products/b-419326%2Cb-419326.2
"Candor Solutions, LLC",Candor,Patriot,45544281.28,48700447.2,1.0,0.5,1.0,0.0,1.0,0.5,,,,,,,https://www.gao.gov/products/b-418670.2%2Cb-418670.3%2Cb-418670.4
"Epsilon, Inc.",Epsilon,Teracore,35577515.0,33789672.0,0.85,0.0,0.5,0.0,,,0.85,0.5,,,,,https://www.gao.gov/products/b-419278%2Cb-419278.2
"Mission1st Group, Inc.",Mission1st,BME,217655610.0,197162874.0,1.0,0.5,,,,,,,,,,,https://www.gao.gov/products/b-419369.2
"D&G Support Services, LLC",D&G,Mayvin,179098437.0,157115680.0,1.0,1.0,1.0,0.5,,,1.0,0.5,,,,,https://www.gao.gov/products/b-419245%2Cb-419245.3
"All Points Logistics, Inc.",APL,IMC,168090993.0,166661466.0,0.85,0.5,,,,,0.5,0.85,,,,,https://www.gao.gov/products/b-418700.2
Picturae Inc.,Picturae,Creekside,9847000.0,5478165.0,0.5,0.0,0.75,0.75,,,,,,,,,https://www.gao.gov/products/b-419233
"Cognosante MVH, LLC",Cognosante,SRA,200925999.91,177543156.11,1.0,0.0,,,,,,,,,,,https://www.gao.gov/products/b-418986%2Cb-418986.2%2Cb-418986.3
"Kaiyuh Services, LLC",Kaiyuh,Chenega,11775356.0,14235340.0,1.0,-1.0,0.0,0.0,,,,,,,,,https://www.gao.gov/products/b-419293%2Cb-419293.2
"Booz Allen Hamilton, Inc.",Booz Allen,Deloitte,50388954.53,44744828.34,,,,,,,,,1.0,1.0,,,https://www.gao.gov/products/b-419210%2Cb-419210.2
"Trailboss Enterprises, Inc.",Trailboss,G4S,151612552.0,182365769.0,1.0,-1.0,1.0,1.0,,,1.0,-1.0,,,,,https://www.gao.gov/products/b-419209
"World Wide Technology, Inc.",WWT,HPE,79452483.0,226624800.0,,,0.0,0.0,,,0.0,0.0,,,,,https://www.gao.gov/products/b-417909.2%2Cb-417909.3
"LinTech Global, Inc.",LinTech,Nexagen,50956347.61,53001067.01,1.0,0.5,0.0,1.0,,,,,,,,,https://www.gao.gov/products/b-419107
"Ripple Effect Communications, Inc.",Ripple,Goldbelt,29700000.0,40000000.0,1.0,1.0,0.0,0.85,,,0.5,0.5,-0.25,0.0,0.0,0.0,https://www.gao.gov/products/b-418660.2
"W-T, Joint Venture",W-T,G.M. Hill,109864992.0,73047509.0,1.0,0.5,1.0,1.0,,,,,1.0,1.0,,,https://www.gao.gov/products/b-417905.2
"SMS Data Products Group, Inc.",SMS,Applied Insight,12492983.0,11819710.0,,,0.85,1.0,,,,,,,,,https://www.gao.gov/products/b-418925.2%2Cb-418925.3%2Cb-418925.4
Syneren Technologies Corporation,Syneren,Dowless,3053376.85,3458275.6,0.5,0.0,0.0,1.0,,,,,,,,,https://www.gao.gov/products/b-418541.2%2Cb-418541.3
"Janus Global Operations, LLC",Janus,Triple Canopy,198100081.0,142269198.0,1.0,0.0,0.0,0.0,0.5,0.5,,,,,,,https://www.gao.gov/products/b-418980%2Cb-418980.2%2Cb-418980.3
"INTELiTEAMS, Inc.",INTELiTEAMS[3],IntelliWare[4],10169403.16,6080765.89,0.0,-0.25,1.0,0.0,,,,,,,,,https://www.gao.gov/products/b-418123.4
Battelle Memorial Institute,Battelle,CSRA,23390922.88,23669403.03,,,,,,,,,,,,,https://www.gao.gov/products/b-418047.5%2Cb-418047.6
"Technology, Automation & Management, Inc.",TeAM,KSJ,75284790.67,80592634.87,,,,,0.85,0.85,,,0.0,0.0,,,https://www.gao.gov/products/b-418063.3%2Cb-418063.4
"RIVA Solutions, Inc.",RIVA,Alpha Omega,17302695.0,15737800.0,0.5,0.5,0.85,0.85,,,0.5,0.0,,,,,https://www.gao.gov/products/b-418952%2Cb-418952.2
"Posterity Arora JV, LLC",Posterity,WiseStaff,118081540.3,119899096.66,0.0,0.5,,,,,0.0,0.0,,,,,https://www.gao.gov/products/b-415760.5
"LexisNexis, a Division of RELX Inc.",Lexis,Thomson,28800000.0,22800000.0,0.85,0.5,0.85,0.5,,,0.85,0.85,,,0.5,0.5,https://www.gao.gov/products/b-418885%2Cb-418885.2
"Amaze Technologies, LLC",AMAZE,KARTHIK,15707866.0,13152986.0,,,0.85,0.0,,,,,0.0,-0.25,,,https://www.gao.gov/products/b-418949%2Cb-418949.2%2Cb-418949.3
Cellco Partnership dba Verizon Wireless,Verizon,AT&T,91928640.0,147609360.0,0.25,0.25,1.0,1.0,,,0.25,0.25,,,,,https://www.gao.gov/products/b-418155.4%2Cb-418155.5
"PAE Applied Technologies, LLC",PAE,Reliance Test &  Technology,977566090.0,1143619624.0,,,0.0,0.0,,,,,1.0,1.0,,,https://www.gao.gov/products/b-419133
Ventera Corporation,Ventera,SemanticBits,111910539.66,84869467.12,1.0,0.0,,,,,,,,,,,https://www.gao.gov/products/b-418871%2Cb-418871.2
"Mortgage Contracting Services, LLC",MCS,ISN,34983380.0,57183879.0,1.0,1.0,1.0,1.0,1.0,1.0,1.0,1.0,1.0,1.0,,,https://www.gao.gov/products/b-418483.2%2Cb-418483.3
"Quanterion Solutions, Inc.",Quanterion,SURVICE,89408158.0,91053324.0,,,1.0,0.0,,,0.0,0.0,,,,,https://www.gao.gov/products/b-418783
"Colonna's Shipyard, Inc.",Colonna’s Shipyard,Lyon Shipyard,4498100.0,3949540.0,0.5,0.0,0.0,0.0,,,,,,,,,https://www.gao.gov/products/b-418896
Johnson Controls Security Solutions,Johnson,M.C. Dean,1415628.0,1629222.0,0.5,0.0,1.0,0.0,,,0.5,0.0,,,,,https://www.gao.gov/products/b-418489.3%2Cb-418489.4
"ACTA, LLC",ACTA,UNCOMN,137862774.0,87809236.0,,,1.0,1.0,,,1.0,0.0,,,,,https://www.gao.gov/products/b-418352.3%2Cb-418352.4
"Hughes Coleman, JV",HCJV,PSS,195511382.0,174348384.0,,,1.0,0.0,,,,,,,,,https://www.gao.gov/products/b-417787.5
"Hughes Coleman, JV",HCJV,PSS,195511382.0,174348384.0,,,0.0,0.0,,,,,,,,,https://www.gao.gov/products/b-417787.5
Hughes Coleman JV--Costs,HCJV,PSS,195511382.0,174348384.0,,,1.0,0.0,,,,,,,,,https://www.gao.gov/products/b-417787.4
"Sterling Medical Associates, Inc.",Sterling,Valor,12912030.6,12529365.6,0.85,0.0,1.0,0.0,,,0.85,0.0,,,,,https://www.gao.gov/products/b-418674%2Cb-418674.2
"Solers Inc., a Peraton Company",Solers,Booz Allen,36748947.0,32987614.0,,,,,,,0.0,0.0,,,,,https://www.gao.gov/products/b-418500.2%2Cb-418500.3%2Cb-418500.4%2Cb-418500.5
"XTec, Inc.",XTec,Guidehouse,46238736.0,49726796.0,1.0,0.0,,,,,,,,,,,https://www.gao.gov/products/b-418619%2Cb-418619.2%2Cb-418619.3%2Cb-418619.4
"Re-Engineered Business Solutions, Inc.",Re-Engineered,R & D Maintenance,16136356.0,15847643.0,0.5,0.0,1.0,1.0,,,,,,,,,https://www.gao.gov/products/b-418640%2Cb-418640.2
"CoreCivic, Inc.",CoreCivic,BI,2598425038.0,1987084681.0,0.85,-0.25,1.0,1.0,,,,,,,,,https://www.gao.gov/products/b-418620%2Cb-418620.2
American Energy Logistics Solutions LLC,AELS,Schuyler,44725444.0,33797565.0,0.0,0.0,0.0,0.0,,,,,,,,,https://www.gao.gov/products/b-417844.3
"Perspecta Enterprise Solutions, LLC",Perspecta,Leidos,6322574087.0,6849265796.0,,,,,,,0.0,0.0,,,,,https://www.gao.gov/products/b-418533.2%2Cb-418533.3
"TCG Consulting, Inc.--Costs",TCG,Red Carrot,8781221.0,8180332.0,1.0,1.0,1.0,1.0,,,0.5,0.0,,,,,https://www.gao.gov/products/b-415521.5
"VariQ-CV JV, LLC",VariQ,CompQSoft,47111418.0,47936412.0,1.0,0.5,1.0,1.0,,,1.0,0.5,1.0,1.0,,,https://www.gao.gov/products/b-418551%2Cb-418551.3
Jacobs Polar Services-CH2M Facility Support Services,Jacobs,Battelle,285131122.0,313104615.0,,,0.75,0.75,,,0.85,0.0,,,,,https://www.gao.gov/products/b-418390.2%2Cb-418390.3%2Cb-418390.4
"LATA-Atkins Technical Services, LLC",LATS,RSI,190687753.0,273492200.0,1.0,1.0,1.0,1.0,,,1.0,1.0,,,,,https://www.gao.gov/products/b-418602%2Cb-418602.4
"Navarro Research and Engineering, Inc.",Navarro,RSI,190687753.0,283976914.0,1.0,1.0,1.0,1.0,,,1.0,1.0,,,,,https://www.gao.gov/products/b-418602.2%2Cb-418602.5
"Inquiries, Inc.",Inquiries,AFPS,297329662.0,296683983.0,0.5,0.0,0.0,0.0,0.0,0.0,0.5,0.5,1.0,0.5,,,https://www.gao.gov/products/b-418486%2Cb-418486.2%2Cb-418486.3
"Facility Services Management, Inc.",Facility,J&J,52889652.0,51572268.0,1.0,-1.0,1.0,1.0,,,,,,,,,https://www.gao.gov/products/b-418526%2Cb-418526.2%2Cb-418526.3
STG LLC,STG,SAIC,80309273.0,56731050.0,0.5,0.0,0.0,0.0,,,0.5,0.5,0.5,0.0,,,https://www.gao.gov/products/b-418490%2Cb-418490.2
Manhattan Telecommunications Corporation,MetTel,Verizon,24894954.0,19092350.0,,,,,,,,,,,,,https://www.gao.gov/products/b-418818
"AKAL Security, Inc.",Akal,VMD,113625753.0,119093642.0,,,1.0,1.0,,,0.5,0.5,,,,,https://www.gao.gov/products/b-417840.4
"Airbus Helicopters, Inc.",AIRBUS,LEONARDO,1398000000.0000002,1312800000.0,,,,,,,,,,,,,https://www.gao.gov/products/b-418444%2Cb-418444.2
"Project W Restoration, LLC",PWR,CPC,98059051.0,88236446.0,0.5,0.5,1.0,1.0,1.0,1.0,,,,,,,https://www.gao.gov/products/b-418419%2Cb-418419.2%2Cb-418419.4%2Cb-4184193
"ValidaTek-CITI, LLC",ValidaTek,TMS,19516064.0,20314128.0,1.0,1.0,,,,,,,,,,,https://www.gao.gov/products/b-418320.2%2Cb-418320.3%2Cb-418320.4
"Hanford Integrated Infrastructure Services Contractor, LLC",HIISC,HMIS,4849000000.0,4819000000.0,1.0,0.5,0.0,0.0,0.5,0.0,,,,,,,https://www.gao.gov/products/b-418411%2Cb-418411.2%2Cb-418411.3
EFW Inc.,EFW,Collins,46500000.0,53400000.0,0.25,0.25,0.0,0.0,,,,,,,,,https://www.gao.gov/products/b-418177%2Cb-418177.2%2Cb-418177.3%2Cb-418177.4%2Cb-418177.5
Sayres & Associates Corporation,Sayres,RPT,59203221.0,70229306.0,0.5,1.0,1.0,0.0,,,,,,,,,https://www.gao.gov/products/b-418382
"Qi Tech, LLC",Qi Tech,Tatitlek,50222056.0,51365786.0,,,1.0,1.0,,,0.5,0.5,,,,,https://www.gao.gov/products/b-416711.10
"Pond Constructors, Inc.",Pond,LBHS,32984468.0,33108686.0,0.5,0.0,0.0,1.0,,,,,,,1.0,0.0,https://www.gao.gov/products/b-418403
"Asset Protection & Security Services, LP",Asset,Akima,276950519.0,273697209.0,1.0,1.0,0.0,0.0,,,,,,,,,https://www.gao.gov/products/b-417024.6%2Cb-417024.7
"Engility Services, LLC",Unnamed: 3,PAE,335852010.0,287389579.0,,,,,,,,,,,,,https://www.gao.gov/products/b-416588.3%2Cb-416588.4
"MCR Federal, LLC",MCR,Tecolote,72684741.0,54300763.0,1.0,0.5,,,,,0.0,0.0,,,,,https://www.gao.gov/products/b-416654.5%2Cb-416654.6
"ATA Aerospace, LLC",ATAA,MEI,45101254.0,85278793.0,0.0,0.5,,,,,0.5,0.5,,,,,https://www.gao.gov/products/b-417427.2
"NCI Information Systems, Inc.",NCI,DCS,145527583.0,137357651.0,1.0,0.0,1.0,1.0,0.0,0.0,,,0.0,0.0,0.0,0.0,https://www.gao.gov/products/b-417805.5%2Cb-417805.6%2Cb-417805.7
"Hendall, Inc.",Hendall,IQ Solutions,22561974.0,26545716.0,,,0.85,0.85,,,,,,,,,https://www.gao.gov/products/b-417513.3%2Cb-417513.4
C&T Technologies,C&T,Ideation,37349784.0,57616541.0,,,1.0,1.0,,,,,1.0,1.0,,,https://www.gao.gov/products/b-418313
Netizen Corporation,Netizen,BreakPoint,8328840.0,9226080.0,0.5,0.5,1.0,1.0,0.0,0.0,,,1.0,1.0,,,https://www.gao.gov/products/b-418281%2Cb-418281.2%2Cb-418281.3
Special Applications Group,SAG,Oak Grove,6151508.0,7966332.0,0.0,0.0,0.0,1.0,,,0.0,0.0,,,,,https://www.gao.gov/products/b-417698.2%2Cb-417698.3
REEL COH Inc.,REEL,Knight,21262100.0,26600000.0,,,0.0,1.0,,,,,0.0,1.0,1.0,0.5,https://www.gao.gov/products/b-418095%2Cb-418095.2
"22nd Century Technologies, Inc.",22ND CENTURY,KCI-ACUITY,171059267.0,127300229.0,0.85,-0.25,1.0,0.0,0.0,0.0,,,0.75,,,,https://www.gao.gov/products/b-417478.3%2Cb-417478.4
"Burchick Construction Company, Inc.",Burchick,C&C,24201000.0,21600000.0,0.75,-0.25,1.0,-1.0,0.75,-0.25,0.75,-0.25,0.75,-0.25,,,https://www.gao.gov/products/b-417310.3
"Community Education Centers, Inc.",CEC,Kintock,13288560.0,18920866.56,0.75,0.75,0.0,0.0,,,,,,,,,https://www.gao.gov/products/b-418207%2Cb-418207.2
"RELI Group, Inc.",RELI,Fed Pro,2676478.0,9966211.28,0.75,0.75,1.0,1.0,,,1.0,0.75,,,,,https://www.gao.gov/products/b-418005
"ZolonTech, Inc.",ZolonTech,Federated IT,91551605.0,92579646.0,0.5,0.5,,,,,,,,,,,https://www.gao.gov/products/b-418213%2Cb-418213.2
Raytheon Company,Raytheon,DynCorp,297616354.79,499012759.87,,,1.0,1.0,,,0.5,0.5,,,,,https://www.gao.gov/products/b-417524.2%2Cb-417524.3
"Education Development Center, Inc.",EDC,CAI,48596508.0,48997878.0,1.0,0.75,0.75,0.75,0.75,0.0,,,1.0,0.75,,,https://www.gao.gov/products/b-418217%2Cb-418217.2
"Root9B, LLC",Root9B,Chiron,58300000.0,28300000.0,1.0,0.0,0.0,0.0,,,1.0,0.0,,,,,https://www.gao.gov/products/b-417801%2Cb-417801.2
Battelle Memorial Institute,BATTELLE,LAULIMA,143024054.0,155376240.0,0.5,1.0,1.0,1.0,,,,,,,,,https://www.gao.gov/products/b-416263.5
"BEAT, LLC",BEAT,Sentar,165079879.0,141418972.0,0.5,0.0,,,,,0.5,0.0,,,,,https://www.gao.gov/products/b-418235%2Cb-418235.2
"XL Associates, Inc. d/b/a XLA",XLA,CapGemini,17209118.0,16523519.0,1.0,0.5,1.0,1.0,,,1.0,-1.0,,,,,https://www.gao.gov/products/b-417426.3
"Aderas, Inc",Aderas,Concept Plus,24868323.0,26817798.0,1.0,1.0,0.0,0.0,,,0.0,0.0,0.0,0.0,,,https://www.gao.gov/products/b-418151
Raytheon Company,Raytheon,Lockheed,287618537.0,335886866.0,0.5,1.0,0.0,0.0,,,0.0,0.0,,,,,https://www.gao.gov/products/b-417935%2Cb-417935.2%2Cb-417935.3
"Undercover Training, LLC",Undercover Training,PLET,477600.0,516500.0,0.5,0.0,1.0,1.0,,,,,,,,,https://www.gao.gov/products/b-418170
"Watershed Security, LLC",Watershed,Stratascor,132271131.0,155120042.0,1.0,1.0,1.0,0.0,,,0.5,0.5,1.0,1.0,,,https://www.gao.gov/products/b-417178.4%2Cb-417178.6
"22nd Century Technologies, Inc.",22nd Century,Deloitte,137366343.0,111994220.0,0.5,0.0,0.5,0.5,0.5,0.0,,,0.5,0.0,,,https://www.gao.gov/products/b-418029%2Cb-418029.2%2Cb-418029.3
"Wellspring Worldwide, Inc.",WELLSPRING,INTEUM,1136377.0,6245894.0,0.5,1.0,,,,,,,0.0,1.0,,,https://www.gao.gov/products/b-417282.2%2Cb-417282.3%2Cb-417282.4
"NTT DATA Services Federal Government, Inc.",NTT,BAE,157964963.0,196328321.0,0.85,0.5,0.85,0.5,,,0.85,0.85,,,,,https://www.gao.gov/products/b-417235.2%2Cb-417235.3
"Tapestry Technologies, Inc.",Tapestry,IPKeys,165066525.0,213740029.0,,,,,,,,,,,,,https://www.gao.gov/products/b-416670.2%2Cb-416670.3
"Global Asset Technologies, LLC",Global,Dawson,28205572.0,28456696.82,1.0,1.0,1.0,1.0,,,0.5,1.0,,,,,https://www.gao.gov/products/b-416576.8%2Cb-416576.9
Science Applications International Corporation,SAIC,AFSC,182644276.0,165073468.0,1.0,0.0,,,,,,,,,,,https://www.gao.gov/products/b-417976
"By Light Professional IT Services, LLC",By Light,NES,38981524.0,39176869.0,,,,,,,,,,,,,https://www.gao.gov/products/b-417191.3
"ORBIS Sibro, Inc.",ORBIS Sibro,Patrona,63190486.0,63692256.0,0.5,0.0,0.0,0.0,0.0,0.0,,,,,,,https://www.gao.gov/products/b-417406.2%2Cb-417406.3
"22nd Century Technologies, Inc.--Reconsideration",22nd Century,LinTech,27379498.0,21915518.0,1.0,0.5,0.0,0.0,,,0.5,0.0,,,,,https://www.gao.gov/products/b-416669.7
"InGenesis, Inc.",InGenesis,STGi,493580344.0,441550500.0,0.5,-0.25,0.0,0.0,,,,,,,,,https://www.gao.gov/products/b-416564.3
"ARC Relocation, LLC",ARC,RELIANCE,5576737.0,6477450.0,0.5,0.5,0.0,0.0,,,0.5,0.5,,,,,https://www.gao.gov/products/b-416035.2%2Cb-416035.3
"KSJ & Associates, Inc.",KSJ,Deloitte,235048443.26,212054687.21,1.0,-0.25,0.0,0.0,,,,,,,0.0,0.0,https://www.gao.gov/products/b-417850
Triad Logistics Services Corporation,Triad,LOGMET,5208746.0,5313311.0,,,1.0,1.0,,,,,,,,,https://www.gao.gov/products/b-417621.2
"Richen Management, LLC",RICHEN,SPARKLE,1832165.0,1383494.0,,,0.85,0.0,,,,,,,,,https://www.gao.gov/products/b-417888
"NCI Information Systems, Inc.",NCI,AECOM,80505434.0,80905191.0,0.5,0.5,1.0,1.0,0.0,0.0,,,0.0,0.0,0.0,0.0,https://www.gao.gov/products/b-417752%2Cb-417752.2%2Cb-417752.3
Arrowpoint Corporation,Arrowpoint,Tiber  Creek,33549986.0,38969964.0,0.0,0.0,0.0,0.0,,,0.5,0.0,0.0,0.0,,,https://www.gao.gov/products/b-417375.2%2Cb-417375.3
Raytheon Company,Raytheon,SAIC,47612593.0,55080796.0,-0.25,1.0,1.0,1.0,,,0.0,0.5,,,,,https://www.gao.gov/products/b-417731%2Cb-417731.2
IBM Corporation,IBM,Northrop Grumman,52462533.0,69027486.0,0.5,0.5,0.5,0.0,,,,,0.85,0.5,1.0,1.0,https://www.gao.gov/products/b-417664
"ACLC, LLC",ACLC,1Prospect,32103929.0,32446825.0,1.0,1.0,1.0,1.0,,,1.0,1.0,,,,,https://www.gao.gov/products/b-417141
CSRA LLC,CSRA,ATSI,115330073.0,97722760.0,1.0,-0.25,1.0,1.0,,,1.0,0.5,,,,,https://www.gao.gov/products/b-417635%2Cb-417635.2%2Cb-417635.3
"ASRC Federal Data Solutions, LLC",ASRC,Unissant,20189459.0,23810324.0,1.0,1.0,1.0,1.0,,,,,,,,,https://www.gao.gov/products/b-417655%2Cb-417655.2%2Cb-417655.3
"Sigmatech, Inc.",SIGMATECH,COLSA,15683030.0,13086652.0,,,,,,,,,1.0,0.5,,,https://www.gao.gov/products/b-417589%2Cb-417589.2%2Cb-417589.3
"Semper Valens Solutions, Inc.",SVS,NavQSys,94653370.0,96358332.0,0.5,1.0,1.0,0.0,,,,,,,,,https://www.gao.gov/products/b-417028.4
"Altavian, Inc.",Altavaian,AeroVironment,54625849.0,66800808.0,0.5,0.5,1.0,1.0,,,,,,,,,https://www.gao.gov/products/b-417701%2Cb-417701.2
"Defense Base Services, Inc.",DBSI,ASRCC,634956399.0,582120551.0,0.75,0.75,0.0,0.0,,,,,,,,,https://www.gao.gov/products/b-416874.3%2Cb-416874.4
"Austal USA, LLC",Austal,HII,937416022.0,926554156.0,0.5,0.0,,,0.0,0.0,0.5,0.0,0.5,0.0,,,https://www.gao.gov/products/b-417593
Gulf Civilization General Trading & Contracting Company,Gulf,Bulldozer,672477.3,863238.0,,,0.0,1.0,,,,,,,,,https://www.gao.gov/products/b-417586
"Jefferson Consulting Group, LLC",Jefferson,GTS,2277287.0,3827624.0,,,1.0,1.0,0.85,0.85,,,,,,,https://www.gao.gov/products/b-417555%2Cb-417555.2
"Credence Management Solutions, LLC",Credence,CNT,39461205.4,40069793.61,0.0,0.0,1.0,1.0,,,,,,,,,https://www.gao.gov/products/b-417389.2
"22nd Century Technologies, Inc.",22nd Century,LinTech,27379498.0,21915518.0,1.0,0.5,0.0,0.0,,,0.5,0.0,,,,,https://www.gao.gov/products/b-416669.5%2Cb-416669.6
"Quotient, Inc.",Quotient,Reingold,1801906.0,2256443.0,,,,,,,,,,,,,https://www.gao.gov/products/b-416473.6%2Cb-416473.7
"OGSystems, LLC",OGS,HHB,34405860.0,43149204.0,0.25,1.0,,,,,,,,1.0,,,https://www.gao.gov/products/b-417026.5%2Cb-417026.6
"Adams and Associates, Inc.",Adams,MTC,77945332.0,74813995.0,1.0,0.75,0.0,0.0,,,,,0.75,0.75,,,https://www.gao.gov/products/b-417495
"Raytheon Blackbird Technologies, Inc.",RBT,BAE,56817668.0,67000740.0,1.0,1.0,,,,,,,,,,,https://www.gao.gov/products/b-417522%2Cb-417522.2
"Booz Allen Hamilton, Inc.",BAH,Leidos,922494581.0,941598486.0,0.85,0.5,,,0.85,0.5,,,0.5,0.0,,,https://www.gao.gov/products/b-417418%2Cb-417418.2%2Cb-417418.3
"VBC Commercial Services, LLC",VBC,Aquarius,2400000.0,1700000.0,0.0,-1.0,0.0,0.0,,,0.0,-1.0,,,,,https://www.gao.gov/products/b-417528
American Systems Corporation,ASC,I3,9366053.95,10959906.13,0.5,-0.25,,,,,1.0,0.5,,,,,https://www.gao.gov/products/b-417387%2Cb-417387.2
"Solution One Industries, Inc.",SOLUTION ONE,PINNACLE,273153601.0,266394320.0,,,1.0,1.0,,,,,,,,,https://www.gao.gov/products/b-417441%2Cb-417441.2%2Cb-417441.3
"Adams and Associates, Inc.",Adams,MTC,91309059.0,92852097.0,0.0,0.0,1.0,1.0,,,,,,0.75,,,https://www.gao.gov/products/b-417120.2
"Vencore, Inc.",VENCORE,BAE,211267445.0,199871442.0,0.5,0.0,,,0.0,0.0,0.0,0.0,,,,,https://www.gao.gov/products/b-416994.2%2Cb-416994.3
"Deva & Associates, PC",Deva,TFC,13772704.0,13388635.0,1.0,0.5,0.0,0.0,,,1.0,0.5,1.0,1.0,,,https://www.gao.gov/products/b-415508.11
Nexant Inc.,Nexant,Deloitte,73951292.0,73347894.0,,,,,1.0,-0.25,,,-0.25,-0.25,,,https://www.gao.gov/products/b-417421%2Cb-417421.2
"The Green Technology Group, LLC",TGTG,LinTech,42274514.0,64843311.0,0.5,0.0,0.0,1.0,,,1.0,0.0,,,,,https://www.gao.gov/products/b-417368%2Cb-417368.2
"SigNet Technologies, Inc.",SigNet,Xator,63541031.0,70516231.0,0.5,-0.25,0.0,0.0,,,,,,,,,https://www.gao.gov/products/b-417335%2Cb-417335.2
"Enterprise Services, LLC",ENTERPRISE,LEIDOS,925017496.0,949101619.0,0.85,0.5,0.9,1.0,,,0.5,0.5,,,0.85,0.5,https://www.gao.gov/products/b-417329%2Cb-417329.2%2Cb-417329.3
"United Support Services, LLC",USS,AASKI,576230511.0,423442247.0,0.5,-1.0,,,,,,,,,0.0,0.0,https://www.gao.gov/products/b-417384%2Cb-417384.3
"Castro & Company, LLC",Castro,TFC,13772704.0,9476903.0,1.0,0.0,0.0,0.0,,,1.0,0.0,1.0,1.0,,,https://www.gao.gov/products/b-415508.10
"CyberData Technologies, Inc.",CyberData,Ace,102053881.0,104350117.0,0.0,0.0,,,,,,,0.5,0.5,,,https://www.gao.gov/products/b-417084.3
C2G Ltd. Company,C2G,ISC,11834304.0,11427591.0,0.0,0.0,0.0,0.0,,,0.0,0.0,,,,,https://www.gao.gov/products/b-416460.3%2Cb-416460.5
Computer World Services,CWS,Ryan,30093027.0,29155958.0,0.5,0.0,0.0,1.0,,,,,,,,,https://www.gao.gov/products/b-417356
"Carter Enterprises, LLC",Carter,Bethel,65320000.0,61800000.0,,,1.0,1.0,,,,,,,,,https://www.gao.gov/products/b-417083.2%2Cb-417083.3
"IPKeys Technologies, LLC","('IPKeys', 'Technical/Management Approach')","('By Light', 'Technical/Management Approach')",31877027.0,49028615.0,,,,,,,,,,,,,https://www.gao.gov/products/b-416873.2%2Cb-416873.3
"Catalyst Solutions, LLC",Catalyst,KSA,8748338.0,10623826.0,1.0,-1.0,1.0,1.0,,,,,,,,,https://www.gao.gov/products/b-416804.3%2Cb-416804.4
"Advanced Alliant Solutions Team, LLC",AAST,DCCA,44526789.0,39359098.0,0.0,0.0,1.0,-0.25,,,,,,,,,https://www.gao.gov/products/b-417334
"Amyx, Inc.",Amyx,SRA,113051362.0,119616340.0,,,,,0.0,0.0,,,0.0,0.0,,,https://www.gao.gov/products/b-416734.2
"MacAulay-Brown, Inc.",MacAulay,Deloitte,54943978.0,100389949.0,1.0,1.0,,,,,,,,,,,https://www.gao.gov/products/b-417205%2Cb-417205.2%2Cb-417205.3
"Alexandra Construction, Inc.",Alexandra,S&L,8343191.0,7525000.0,,,0.85,0.0,0.85,-0.25,0.85,0.0,0.85,0.0,,,https://www.gao.gov/products/b-417212
YWCA of Greater Los Angeles,YWCA,MTC,96778572.0,100673810.0,0.75,0.0,0.0,0.0,,,,,0.75,0.75,,,https://www.gao.gov/products/b-414596.7%2Cb-414596.8
STAcqMe LLC,STAcqMe,CTI,241310854.0,265085880.0,,,1.0,1.0,,,,,,,,,https://www.gao.gov/products/b-417128
Tridentis LLC,Tridentis,TMB,26419146.0,23612630.0,1.0,-0.25,1.0,0.0,,,,,,,,,https://www.gao.gov/products/b-417096%2Cb-417096.2%2Cb-417096.3%2Cb-417096.4
"Vertex Aerospace, LLC",Vertex,DynCorp,306500000.0,307800000.0,0.25,0.0,0.0,1.0,,,,,,,,,https://www.gao.gov/products/b-417065%2Cb-417065.2
"Cyberdata Technologies, Inc.",CyberData,Ace,102053881.0,104350117.0,0.0,0.0,,,,,,,0.5,0.5,,,https://www.gao.gov/products/b-417084
"Nexagen Networks, Inc.",Nexagen,DataPath,32913223.0,32532863.0,0.0,-1.0,,,,,0.0,0.0,,,,,https://www.gao.gov/products/b-416947%2Cb-416947.2
"Federal Prison Industries, Inc.",FPI,Creighton,19918381.0,16967663.0,,,0.0,,,,,,,,,,https://www.gao.gov/products/b-417100
"Interactive Government Holdings, Inc.",IGH,A-Team,31371940.0,38684936.0,1.0,1.0,0.0,1.0,,,,,,,,,https://www.gao.gov/products/b-417133
Science Applications International Corporation,SAIC,CACI,350253209.0,351557369.0,0.85,0.85,,,,,,,0.75,0.85,,,https://www.gao.gov/products/b-416780
"Systems Analysis & Integration, Inc.",SI,HSQ,2518469.0,1753638.0,0.5,-1.0,,0.0,,,,,,,0.0,0.0,https://www.gao.gov/products/b-416899.2%2Cb-416899.3
"TWD & Associates, Inc.",TWD,BAH,122230815.0,123760799.0,1.0,0.0,0.0,0.0,0.5,0.0,0.5,0.5,1.0,0.0,,,https://www.gao.gov/products/b-416834%2Cb-416834.2%2Cb-416834.3
"Network Security Systems Plus, Inc.",NSSPlus,AbleVets,64419759.0,72080207.0,1.0,1.0,,,,,,,1.0,1.0,,,https://www.gao.gov/products/b-416755
"UltiSat, Inc.",UltiSat,DRS,5797057.0,5809396.0,1.0,0.5,1.0,1.0,,,,,,,,,https://www.gao.gov/products/b-416809%2Cb-416809.2%2Cb-416809.3
"NextStep Technology, Inc.",NextStep,Federal,18575841.6,11094957.59,1.0,0.0,0.75,0.0,,,1.0,0.0,,,,,https://www.gao.gov/products/b-416877
"North South Consulting Group, LLC",NSCG,Dynamic,44600442.0,45629140.0,1.0,1.0,0.0,1.0,,,1.0,0.5,,,,,https://www.gao.gov/products/b-416849
"Energy by Native American Design, LLC",ENAD,HSQ,2518469.0,2441302.0,0.5,-0.25,,,,,,,,,0.0,0.0,https://www.gao.gov/products/b-416899
"Parsons Government Services, Inc.",Parsons,SRC,70452490.0,61529478.0,0.5,-0.25,0.0,0.0,,,,,,,,,https://www.gao.gov/products/b-416771%2Cb-416771.2%2Cb-416771.3
Merrill Aviation & Defense,Merrill,LOC,132583806.0,118954694.0,0.5,-0.25,0.0,0.0,,,0.5,-0.25,,,,,https://www.gao.gov/products/b-416837%2Cb-416837.2
"Tatitlek Technologies, Inc.",Tatitlek,Qi Tech,52235144.0,49069421.0,,,1.0,1.0,,,0.5,0.0,,,,,https://www.gao.gov/products/b-416711%2Cb-416711.2%2Cb-416711.3%2Cb-416711.4
"Precision Air, Inc.",Precision,Lakota,30900000.0,35100000.0,0.0,0.0,1.0,1.0,,,,,,,,,https://www.gao.gov/products/b-416541.2%2Cb-416541.3
"Gonzales Consulting Services, Inc.",Gonzales,Triple Canopy,105828496.0,112581993.0,,,0.0,0.0,0.0,0.75,0.75,0.0,,,,,https://www.gao.gov/products/b-416676%2Cb-416676.2
LogiCore Corporation,LogiCore,MSSI/SPS,41357036.0,44681019.0,1.0,0.5,,,,,1.0,0.5,,,,,https://www.gao.gov/products/b-416629%2Cb-416629.2%2Cb-416629.3
"AlliantCorps, LLC",AlliantCorps,DKW,54842156.0,51911230.0,,,1.0,1.0,,,0.75,0.75,,,,,https://www.gao.gov/products/b-415744.5%2Cb-415744.6
"Protection Strategies, Inc.",PSI,Golden SVCS,65975543.0,59875471.0,0.85,0.5,0.5,0.5,0.85,0.0,,,0.85,0.85,,,https://www.gao.gov/products/b-416635
"Knight Point Systems, LLC",KPS,InquisIT,13458829.0,15007731.0,0.0,0.0,,,,,0.0,0.0,,,,,https://www.gao.gov/products/b-416602%2Cb-416602.2
"Procinctu Group, Inc.--Costs",Procinctu,BL2,2306948.0,2499848.0,0.0,0.0,0.0,1.0,,,,,,,,,https://www.gao.gov/products/b-416247.4
"Sevatec, Inc.",Sevatec,Leidos,109950790.0,91644052.0,1.0,0.5,1.0,0.0,,,1.0,0.0,,,1.0,1.0,https://www.gao.gov/products/b-416617%2Cb-416617.2
"BTAS, Inc.; Innovative Technologies, Inc.",BTAS,Oasis,272835885.0,277206300.0,,,,,,,,,,,,,https://www.gao.gov/products/b-415810.4%2Cb-415810.5%2Cb-415810.6%2Cb-415810.7%2Cb-415810.8
"International Development Group Advisory Services, LLC",IDG,Chemonics,41959487.0,43571456.0,1.0,0.75,0.0,0.0,0.75,1.0,0.75,0.75,1.0,0.75,,,https://www.gao.gov/products/b-416551%2Cb-416551.2
"Advanced C4 Solutions, Inc.",AC4S,VISTA,57228551.0,67998660.0,0.5,1.0,0.0,1.0,1.0,1.0,,,,,,,https://www.gao.gov/products/b-416250.2%2Cb-416250.3%2Cb-416250.4
"Octo Consulting Group, Inc.",Octo Consulting Group,Northrop Grumman,60933727.0,52998498.0,0.5,-0.25,,,,,,,0.85,0.5,,,https://www.gao.gov/products/b-416097.3%2Cb-416097.4
"Sigmatech, Inc.",Sigmatech,DigiFlight,63001142.0,61454297.0,1.0,0.5,,,,,1.0,1.0,,,,,https://www.gao.gov/products/b-415028.3%2Cb-415028.4
Jacobs Technology Inc.,Jacobs,TRAX,448805916.0,440416891.0,,,1.0,0.0,,,,,,,1.0,0.5,https://www.gao.gov/products/b-410441.15%2Cb-410441.16
Converge Networks Corporation,Converge,Noblis,7744625.0,9103224.0,0.85,0.0,0.85,0.85,,,0.85,0.5,0.85,0.85,,,https://www.gao.gov/products/b-415915.2%2Cb-415915.3
"Valiant Government Services, LLC",Valiant,J&J,43846929.0,43551418.0,1.0,1.0,1.0,1.0,,,,,0.75,0.75,,,https://www.gao.gov/products/b-416488
"BANC3, Inc.",BANC3,AASKI,36439907.0,36465717.0,0.5,-1.0,1.0,1.0,,,0.5,1.0,,,,,https://www.gao.gov/products/b-416486%2Cb-416486.2
"ARP Sciences, LLC",ARP Sciences,SNA,84716375.0,83253301.0,0.5,0.5,0.0,1.0,,,1.0,0.5,0.5,1.0,,,https://www.gao.gov/products/b-415318.5%2Cb-415318.6
Earth Resources Technology Inc.,ERT,GST,30282665.0,37797820.0,1.0,0.5,,,,,0.5,0.0,,,,,https://www.gao.gov/products/b-416415%2Cb-416415.2
"Kreative Technologies, LLC",Kreative,Aderas,13600000.0,14900000.0,0.0,0.5,0.0,0.0,,,,,,,,,https://www.gao.gov/products/b-415491.2%2Cb-415491.3
"Serka Taahhut Insaat, A.S.",Serka,Aytekin,10199661.0,9414000.0,,,0.0,-0.25,,,0.5,-1.0,0.5,-0.25,,,https://www.gao.gov/products/b-416391.2%2Cb-416391.3
"Lukos, LLC",Lukos,WWC,161763848.0,158931277.0,,,1.0,1.0,,,0.5,0.5,,,,,https://www.gao.gov/products/b-416343.2
"Obsidian Solutions Group, LLC",Obsidian,WWC,161763848.0,186556089.0,,,1.0,1.0,,,0.5,1.0,,,,,https://www.gao.gov/products/b-416343%2Cb-416343.3
"EMTA Insaat Taahhut Ve Ticaret, A.S.",EMTA,Aytekin,10199661.0,8990103.0,,,0.0,-0.25,,,0.5,-0.25,0.5,-0.25,,,https://www.gao.gov/products/b-416391%2Cb-416391.4
"WiSC Enterprises, LLC--Costs",WiSC,New River,59909570.0,74408023.0,0.5,1.0,,,,,,,,,,,https://www.gao.gov/products/b-415613.5
"S2 Analytical Solutions, LLC--Costs",S2,New River,59909570.0,82112084.0,0.5,1.0,,,,,,,,,,,https://www.gao.gov/products/b-415613.6
"US21, Inc.",US21,UCIG,153447147.0,146886300.0,0.0,-1.0,,,,,,,,,,,https://www.gao.gov/products/b-415552.4
"Systems Kinetics Integration, Inc.",SYSKIN,MDB,38975036.0,38776542.0,0.0,0.0,0.0,0.0,0.0,-1.0,0.0,0.0,,,,,https://www.gao.gov/products/b-416350
"Horizon Industries, Ltd.",Horizon,Indigo,21316807.0,17049841.0,1.0,0.5,0.0,0.0,,,,,,,,,https://www.gao.gov/products/b-416222%2Cb-416222.2
Raytheon Company,RAYTHEON,LOCKHEED,1260000000.0,1361848757.0,,,,,,,1.0,0.5,,,1.0,1.0,https://www.gao.gov/products/b-416211%2Cb-416211.2%2Cb-416211.3%2Cb-416211.4
MES Simulation & Training Corp.,MES,Riptide,2818414.0,3191228.0,0.0,0.0,1.0,1.0,,,,,,,,,https://www.gao.gov/products/b-416210%2Cb-416210.2
Laboratory Corporation of America,LabCorp,Quest,18446768.0,16219231.0,1.0,0.0,0.75,-0.5,,,,,,,,,https://www.gao.gov/products/b-414896.3%2Cb-414896.4
"CW Government Travel, Inc.",ADTRAV,CWT,7269268.0,3308790.0,0.85,-1.0,0.0,0.0,,,,,0.85,0.0,,,https://www.gao.gov/products/b-416091%2Cb-416091.2
"CW Government Travel, Inc.",ADTRAV,CWT,7269268.0,3308790.0,0.5,0.5,0.0,0.0,,,,,0.0,0.5,,,https://www.gao.gov/products/b-416091%2Cb-416091.2
State Women Corporation,SWC,MVL,6160188.0,2941755.0,0.5,0.0,,,0.0,0.0,0.5,0.5,0.0,0.0,,,https://www.gao.gov/products/b-416510
"Metro Productions Government Services, LLC",Metro,DCG,8049311.0,9493417.0,0.5,1.0,1.0,1.0,,,,,,,,,https://www.gao.gov/products/b-416203%2Cb-416203.2
"Impact Resources, Inc.",IR Tech,Tactical Edge,32828605.0,40043523.0,1.0,1.0,0.75,,,,0.5,0.0,,,,,https://www.gao.gov/products/b-416093
"LOGC2, Inc.",LOGC2,Zantech,34993350.0,50762208.0,0.5,0.0,,,,,0.0,0.0,,,,,https://www.gao.gov/products/b-416075
"Jardon and Howard Technologies, Inc.",JHT,CSS,28998904.0,41732023.0,1.0,1.0,1.0,1.0,,,0.0,0.0,,,,,https://www.gao.gov/products/b-415330.3%2Cb-415330.4
The Pragma Corporation,Pragma,Chemonics,59360925.0,66681210.0,1.0,0.75,0.75,0.75,0.75,0.75,1.0,0.75,,,0.75,0.0,https://www.gao.gov/products/b-415354.2%2Cb-415354.3%2Cb-415354.4
"Automation Precision Technology, LLC",APT,Noble,28788339.0,37628210.0,1.0,1.0,0.0,0.0,,,,,,,,,https://www.gao.gov/products/b-416078
"LOGZONE, Inc.",LOGZONE,CNRW,35743054.0,36831657.0,0.5,0.5,0.0,0.0,,,,,,,,,https://www.gao.gov/products/b-416029%2Cb-416029.2
"Louis Berger Power, LLC",LBP,ISI,9817104.0,11873541.0,0.0,0.0,0.0,0.0,,,,,,,,,https://www.gao.gov/products/b-416059
"Innovative Solutions, Inc.",Innovative,Inserso,192261426.0,147641533.0,0.85,0.0,1.0,1.0,,,0.85,0.5,,,,,https://www.gao.gov/products/b-414650.13%2Cb-414650.8
"Skyline Ultd, Inc.",Skyline,MSTI,33974063.0,37041646.0,1.0,0.0,,,,,0.5,0.0,,,,,https://www.gao.gov/products/b-416028%2Cb-416028.2
"DZSP 21, LLC",DZSP,Fluor,495891094.0,499147099.0,1.0,0.5,1.0,1.0,,,,,,,1.0,1.0,https://www.gao.gov/products/b-410486.10
"Veteran National Transportation, LLC",VNT[3],Owl,20654918.0,21957292.0,0.75,0.0,1.0,-0.25,,,,,,,,,https://www.gao.gov/products/b-415696.2%2Cb-415696.3
"Federal Acquisition Services Alliant JV, LLC",FASA,Octo,24932732.0,30452694.0,0.5,0.5,0.0,0.0,,,0.0,0.0,1.0,1.0,,,https://www.gao.gov/products/b-415406.2%2Cb-415406.3
Crawford RealStreet Joint Venture,CRJV,Markon,59435306.0,44465278.0,1.0,0.5,1.0,1.0,1.0,0.5,0.5,0.5,,,,,https://www.gao.gov/products/b-415193.2%2Cb-415193.3
"Pacific-Gulf Marine, Inc.",PGM,OSI,76045545.0,72013592.0,1.0,0.0,,,,,,,,,,,https://www.gao.gov/products/b-415375%2Cb-415375.2
"Oak Grove Technologies, LLC",OAK GROVE,CUBIC,362282182.0,364027166.0,1.0,-0.25,1.0,0.0,,,1.0,0.5,,,1.0,0.5,https://www.gao.gov/products/b-415772%2Cb-415772.2
"Grove Resource Solutions, Inc.",GRSi,VNE,43782866.0,42342411.0,1.0,0.5,0.0,0.0,,,,,,,,,https://www.gao.gov/products/b-414746.2
"Laulima Government Solutions, LLC",Laulima,Cherokee,40900000.0,43100000.0,0.5,1.0,1.0,1.0,,,,,0.5,0.5,,,https://www.gao.gov/products/b-415079.2%2Cb-415079.3
"Agile Defense, Inc.",Agile,AAST,40249224.0,39024765.0,1.0,-0.1,,,1.0,1.0,1.0,-0.1,,,,,https://www.gao.gov/products/b-415774%2Cb-415774.2
Leidos Innovations Corporation,Leidos,NGSC,106607638.0,220968054.0,,,1.0,1.0,,,,,,,,,https://www.gao.gov/products/b-415514%2Cb-415514.2%2Cb-415514.3
"Ampcus, Inc.",Ampcus,CTEC,23795923.0,22856333.0,,,1.0,-0.25,,,0.75,0.0,0.75,0.0,,,https://www.gao.gov/products/b-415780
Enterprise Services LLC,ES,AT&T,2547000000.0,1790000000.0,0.5,0.0,0.0,0.0,,,0.5,0.0,,,,,https://www.gao.gov/products/b-415517%2Cb-415517.2
Apextech LLC,Apextech,GKG,44018454.0,46097965.0,1.0,0.5,,,,,1.0,0.0,,,,,https://www.gao.gov/products/b-415153.2%2Cb-415153.3
"Democracy International, Inc.",DI,MSI,30030243.0,37925896.0,0.0,1.0,0.75,0.75,,,0.0,0.75,,,,,https://www.gao.gov/products/b-415243%2Cb-415243.2
"First Financial Associates, Inc.",FFA,FEEA,3186224.0,3091119.0,0.75,0.0,0.75,0.75,,,,,0.75,0.75,,,https://www.gao.gov/products/b-415713%2Cb-415713.2
"Fisher BioServices, Inc.",Fisher,Precision,19380096.0,17466739.0,1.0,0.5,,,1.0,0.5,1.0,0.5,,,,,https://www.gao.gov/products/b-413982.4%2Cb-413982.6
"OST, Inc.",OST,Attain,36936645.0,35627753.0,1.0,0.5,0.5,1.0,1.0,0.5,1.0,0.0,,,,,https://www.gao.gov/products/b-415343%2Cb-415343.2
Kiewit Infrastructure West Co.,Kiewit,FDS,241751065.0,231567079.0,1.0,1.0,0.0,1.0,,,1.0,1.0,1.0,0.5,0.0,0.5,https://www.gao.gov/products/b-415421%2Cb-415421.2
"Trans Digital Technologies, LLC",TDT,Integral,96835383.0,41609579.0,0.85,0.85,1.0,,0.0,0.5,,,0.85,0.0,,,https://www.gao.gov/products/b-412521.2%2Cb-412521.3%2Cb-412521.4
Concurrent Technologies Corporation,Concurrent,Booz Allen,53107773.0,46655845.0,1.0,0.5,1.0,1.0,,,,,,,,,https://www.gao.gov/products/b-415513%2Cb-415513.2
"Contractor Services Group, Inc.",CSG,NSGL,4222270.0,5251265.0,0.0,0.0,0.0,0.0,,,,,0.5,0.0,,,https://www.gao.gov/products/b-415601
AdvanceMed Corporation,AdvanceMed,Health Integrity,85833045.0,106394730.0,,,,,,,,,,,,,https://www.gao.gov/products/b-414373.3
"AMG Company, Inc.",AMG,Southwest,5587805.0,5418703.0,0.75,-0.5,0.0,0.0,,,,,,,,,https://www.gao.gov/products/b-415067.2
"Armedia, LLC",Armedia,Vexterra,17729905.0,22732276.0,0.5,0.0,0.0,1.0,,,,,,,,,https://www.gao.gov/products/b-415525%2Cb-415525.2%2Cb-415525.3
"IPT Associates, LLC",IPT,E3,48717137.0,47406023.0,,,,,,,0.75,,,,,,https://www.gao.gov/products/b-415277%2Cb-415277.2
"PricewaterhouseCoopers Public Sector, LLP",PWC,BAE,46013593.0,61017558.0,0.5,0.5,1.0,1.0,,,0.5,0.5,,,,,https://www.gao.gov/products/b-415504%2Cb-415504.2
AdvanceMed Corporation,AdvanceMed,Health Integrity,86968662.0,79275981.0,0.75,0.0,0.75,0.0,0.75,0.0,,,,,0.75,0.0,https://www.gao.gov/products/b-415360%2Cb-415360.2%2Cb-415360.3
"McKean Defense Group, LLC",McKean,Gryphon,83483012.0,85318693.0,1.0,1.0,1.0,1.0,1.0,1.0,0.5,0.5,,,,,https://www.gao.gov/products/b-415254.2
"Jardon and Howard Technologies, Inc.",JHT,GAP,13500000.0,17000000.0,,,,,,,,,,,,,https://www.gao.gov/products/b-414979%2Cb-414979.2
"AbacusSecure, LLC",AbacusSecure,AFDS,185641772.0,203148429.0,,,,0.25,,,,,,,,,https://www.gao.gov/products/b-415175%2Cb-415175.2%2Cb-415175.3%2Cb-415175.4
"Vector Planning & Services, Inc.",VPSI,SBG,51934497.82,46366405.32,0.5,0.0,0.0,1.0,0.5,0.5,,,1.0,0.5,,,https://www.gao.gov/products/b-415005
"Janus Global Operations, LLC",Janus,SOC,349782608.0,376932648.0,1.0,1.0,,,0.0,0.0,0.0,0.0,,,,,https://www.gao.gov/products/b-414569.8
Sky Quest Aviation LLC,SQA,GMRE,2460072.0,2589119.0,0.0,0.0,,,,,0.0,-1.0,0.0,0.0,,,https://www.gao.gov/products/b-415383
Family Health International,Family Health,JSI,149452429.0,141217353.0,0.75,0.0,0.75,0.75,0.0,0.0,1.0,0.0,,,,,https://www.gao.gov/products/b-414621
DynCorp International LLC,DYNCORP,AAR,3576624000.0,3478007377.0,,,0.0,0.0,,,1.0,-0.25,,,1.0,1.0,https://www.gao.gov/products/b-411126.4%2Cb-411126.5%2Cb-411126.6
DynCorp International LLC,DynCorp,L-3,299965743.0,293093931.0,,,1.0,0.0,,,0.0,0.0,,,,,https://www.gao.gov/products/b-414647.2%2Cb-414647.3
"Geotech Environmental Services, Inc.",Geotech,Wadsworth,1359000.0,1089300.0,0.0,-1.0,0.0,0.0,,,,,,,,,https://www.gao.gov/products/b-415035
"Advantedge Technology, Inc.",ATI,JSL,42204738.0,45020536.0,0.5,0.5,,1.0,1.0,0.5,,,,,,,https://www.gao.gov/products/b-414974%2Cb-414974.2
"Kodiak Base Operations Services, LLC",KBOS,CDS,95661025.0,147235021.0,,,1.0,0.25,,,1.0,-1.0,0.25,0.25,,,https://www.gao.gov/products/b-414966%2Cb-414966.2%2Cb-414966.3
"BillSmart Solutions, LLC",BillSmart,CNSI,166520492.0,169169458.0,0.75,0.75,1.0,1.0,,,0.75,0.75,0.75,0.0,,,https://www.gao.gov/products/b-413272.4%2Cb-413272.5
"IPKeys Technologies, LLC",IPKeys,By Light,59487541.33,56677105.66,,,,,,,0.5,0.25,,,,,https://www.gao.gov/products/b-414890%2Cb-414890.2
"Leidos, Inc.",Leidos,Optum,200497921.0,190609369.0,1.0,0.5,0.0,0.0,,,,,,,1.0,0.5,https://www.gao.gov/products/b-414773%2Cb-414773.2
"CALIBRE Systems, Inc.",Calibre,Booz Allen Hamilton,230963330.0,217672796.0,0.85,0.0,0.75,0.75,,,0.85,-0.25,,,0.0,0.0,https://www.gao.gov/products/b-414301.3
"Centerra Group, LLC",Centerra,SOC,223573447.0,275932001.0,,,0.5,0.85,,,,,,,0.0,0.85,https://www.gao.gov/products/b-414800%2Cb-414800.2
"Olgoonik Global Security, LLC",OGS,ManTech,815565315.82,823687762.9,,,1.0,1.0,,,1.0,1.0,,,,,https://www.gao.gov/products/b-414762%2Cb-414762.2
"Harmonia Holdings Group, LLC",Harmonia,Expression,20884506.0,18247805.0,0.0,-1.0,,,0.0,-1.0,0.0,0.0,,,,,https://www.gao.gov/products/b-414691%2Cb-414691.2
"LOUI Consulting Group, Inc.",LOUI,Systems Plus,30896179.0,36210097.0,0.0,0.0,1.0,1.0,,,,,,,,,https://www.gao.gov/products/b-413703.9
Addx Corporation,Addx,Archetype,56900000.0,53100000.0,1.0,0.0,0.75,0.75,,,1.0,0.5,1.0,-0.25,,,https://www.gao.gov/products/b-414749%2Cb-414749.2%2Cb-414749.3
"Jacobs Technology, Inc.",JTI,AS&D,207881101.0,208512402.0,,,1.0,1.0,,,0.0,0.0,,,,,https://www.gao.gov/products/b-413389.3%2Cb-413389.4
"Jacobs Technology, Inc.",JTI,AS&D,207881101.0,208512402.0,,,1.0,1.0,,,0.0,0.0,,,,,https://www.gao.gov/products/b-413389.3%2Cb-413389.4
"Enhanced Veterans Solutions, Inc.",EVS,FMI,19800000.0,20500000.0,0.0,0.5,,,0.5,0.5,,,0.5,0.0,,,https://www.gao.gov/products/b-414189.2
"Paragon Systems, Inc.",Paragon,Triple Canopy,116300000.0,115300000.0,,,0.75,0.75,,,0.75,0.0,,,,,https://www.gao.gov/products/b-414515%2Cb-414515.2
"CompQsoft, Inc","CompQsoft, Inc.","InSap Services, Inc.",38563772.0,30083624.0,0.5,-0.25,,,,,,,,,,,https://www.gao.gov/products/b-414426
"Enterprise Resource Planned Systems International, LLC",ERPSI,OST,31899495.0,36949881.0,0.5,0.5,0.0,0.0,1.0,1.0,0.0,0.0,,,,,https://www.gao.gov/products/b-413805.5%2Cb-413805.6
"BTAS, Inc.--Costs",BTAS,CENTECH,19781173.0,15554127.0,,,,,,,,,0.0,0.0,,,https://www.gao.gov/products/b-414265.7
"Katmai Health Services, LLC",Katmai,Arctic Slope,41596067.0,50085192.0,0.75,0.75,0.75,0.75,0.75,0.75,,,0.85,-0.25,,,https://www.gao.gov/products/b-413816.3
"DKW Communications, Inc.",DKW,TAULUN,81670254.0,82750306.0,0.0,0.0,,,,,,,,,,,https://www.gao.gov/products/b-414476%2Cb-414476.2
"Target Media Mid Atlantic, Inc.",Target Media,Imagine One,188190461.0,201492928.0,1.0,0.5,0.0,0.0,,,0.5,0.0,,,,,https://www.gao.gov/products/b-412468.8
"Epsilon Systems Solutions, Inc.",Epsilon,URS,91341863.0,94476989.0,0.0,0.5,1.0,1.0,,,0.5,0.0,,,0.0,0.0,https://www.gao.gov/products/b-414410%2Cb-414410.2
MSI-Tetra Tech,MSI,DAI,160010152.0,149839523.0,0.75,0.75,0.75,0.75,1.0,-0.5,0.75,0.0,,,0.0,0.75,https://www.gao.gov/products/b-414517%2Cb-414517.2
"PacArctic, LLC",PacArctic,Na Ali’i,12949103.0,17153753.0,0.5,1.0,1.0,0.25,,,,,,,,,https://www.gao.gov/products/b-413914.3%2Cb-413914.4
Battelle Memorial Institute,Battelle,Leidos,170219528.0,153023048.0,0.0,0.0,1.0,0.0,,,0.5,0.0,,,,,https://www.gao.gov/products/b-413570.3%2Cb-413570.4%2Cb-413570.5
"Pond Constructors, Inc.",Pond,Tetra,2243127.0,3920258.0,1.0,1.0,1.0,1.0,,,,,,,1.0,0.0,https://www.gao.gov/products/b-414307%2Cb-414307.2
LCLC Inc/CfMRF,LCLC,TechWerks,3224100.0,7147586.0,,,,,,,,,,,,,https://www.gao.gov/products/b-414357
"Booz Allen Hamilton, Inc.",Booz Allen,SAIC,27366356.99,33060408.79,,,,,,,,,,,,,https://www.gao.gov/products/b-414283%2Cb-414283.2
"Sev1Tech, Inc.",Sev1Tech,Amyx,191413221.0,190981626.0,0.5,0.0,,,0.0,0.0,0.0,0.5,0.0,0.0,,,https://www.gao.gov/products/b-413758.6%2Cb-413758.7%2Cb-413758.8
Fintrac Inc.,Fintrac,Abt,17770084.0,17977475.0,1.0,,0.75,0.75,0.0,0.0,0.75,0.0,,,,,https://www.gao.gov/products/b-414273%2Cb-414273.2
"American Federal Contractors, Inc.--Costs",AFCI,Beacon,45331857.0,57779109.0,,,0.0,0.0,0.0,0.85,0.0,0.85,,,,,https://www.gao.gov/products/b-413314.4
Northrop Grumman Systems Corporation,Northrop  Grumman,BAE,359141129.0,384581475.0,0.25,0.25,,,,,,,,,,,https://www.gao.gov/products/b-414312%2Cb-414312.2%2Cb-414312.3
Harkcon Inc.,Harkcon,Metris,83685123.11,84867584.7,0.5,-0.25,0.75,1.0,,,,,,,,,https://www.gao.gov/products/b-412936.2
"ALQIMI National Security, Inc.",ALQIMI,Centech,15362095.0,17746615.0,0.5,1.0,0.0,0.0,,,,,,,,,https://www.gao.gov/products/b-413713.2%2Cb-413713.3
"Rollout Systems, LLC",Rollout,RMC,32414488.0,40212328.0,1.0,1.0,1.0,1.0,1.0,1.0,1.0,1.0,,,,,https://www.gao.gov/products/b-414145
"Glacier Technical Solutions, LLC",Glacier,SAWTST,98920373.0,106608309.0,,,0.0,0.0,,,,,,,,,https://www.gao.gov/products/b-412990.3
"Interactive Technology Solutions, LLC",ITS,TeAM,14338462.0,16510821.0,0.5,0.0,1.0,1.0,,,0.0,0.0,0.5,0.5,,,https://www.gao.gov/products/b-413665.2%2Cb-413665.3
"XPO Logistics Worldwide Government Services, LLC",XPO,Crowley,7116365688.0,7741505204.0,,,0.0,1.0,,,0.5,0.5,0.0,0.0,,,https://www.gao.gov/products/b-412628.6%2Cb-412628.7
L-3 Brashear,L-3,Raytheon,350627927.0,342026180.0,0.5,0.5,0.25,0.25,,,0.5,0.0,,,,,https://www.gao.gov/products/b-413138.4
"SupplyCore, Inc.",SupplyCore,S&K,4010103446.0,4007180003.0,0.0,0.0,1.0,0.0,,,,,,,,,https://www.gao.gov/products/b-411648.2%2Cb-411648.3
"Mountaineers Fire Crew, Inc.; ASP Fire, LLC; Diamond Road Maintenance Inc. (d/b/a Diamond Fire)",ASP FIRE,PACIFIC OASIS,117250.0,132325.0,1.0,1.0,1.0,0.0,,,,,1.0,1.0,,,https://www.gao.gov/products/b-413520.5%2Cb-413520.7%2Cb-413520.8%2Cb-413520.10%2Cb-413520.11
Engility Corporation,Engility,BAH,44966878.0,36334565.0,1.0,0.5,1.0,0.0,,,1.0,0.5,0.5,0.5,,,https://www.gao.gov/products/b-413120.3%2Cb-413120.4%2Cb-413120.5%2Cb-413120.6
Engility Corporation,Engility,BAH,40582883.0,38894197.0,1.0,0.5,1.0,-0.25,,,1.0,0.5,0.5,0.5,,,https://www.gao.gov/products/b-413120.3%2Cb-413120.4%2Cb-413120.5%2Cb-413120.6
"Construction Services Group, Inc.",CSG,A/T,31981500.0,33285000.0,1.0,0.0,0.0,1.0,,,,,,,,,https://www.gao.gov/products/b-412343.3
"Alphaport, Inc.",Alphaport,Banner,24661460.0,29390694.0,0.5,0.75,,,,,0.85,0.5,,,,,https://www.gao.gov/products/b-414086%2Cb-414086.2
Brasfond USA Corp.,Brasfond,Treviicos,18500000.0,13700000.0,,,1.0,0.0,,,,,1.0,0.0,0.5,-0.25,https://www.gao.gov/products/b-414081
Raytheon Company,Raytheon,Leidos,54170049.0,54249687.0,1.0,0.5,1.0,1.0,,,0.0,0.0,,,,,https://www.gao.gov/products/b-413981
"IT Shows, Inc.",IT SHOWS,SOCIAL SOLUTIONS,264140615.0,305241998.0,0.5,0.5,1.0,1.0,0.75,0.75,,,,,,,https://www.gao.gov/products/b-411994.5%2Cb-411994.6
Concurrent Technologies Corporation,CTC,ATI,13235061.0,14920613.0,,,1.0,1.0,0.5,1.0,0.5,1.0,,,,,https://www.gao.gov/products/b-412795.2%2Cb-412795.3
"PricewaterhouseCoopers Public Sector, LLP",Deloitte,PwC,78760353.0,59090445.0,1.0,1.0,1.0,1.0,1.0,1.0,,,,,,,https://www.gao.gov/products/b-413316.2%2Cb-413316.3
"Cognitive Medical Systems, Inc.",CMS,Book Zurman,4034196.0,4272109.0,0.0,0.0,0.75,0.75,,,,,,,,,https://www.gao.gov/products/b-414017%2Cb-414017.2
"Global Science & Technology, Inc.",Global,SGT,44554608.0,38710438.0,1.0,0.0,1.0,1.0,,,,,,,,,https://www.gao.gov/products/b-413765%2Cb-413765.2
"Electrosoft Services, Inc.",Electrosoft,Certipath,35334176.0,26555721.0,0.75,0.0,,,,,,,,,,,https://www.gao.gov/products/b-413661%2Cb-413661.2
"Imagine One Technology & Management, Ltd.",IMAGINE ONE,PRECISE,59618602.0,63577778.0,1.0,0.5,1.0,1.0,0.5,0.0,,,,,,,https://www.gao.gov/products/b-412860.4%2Cb-412860.5
"G. A. Braun, Inc.",G.A. Braun,"Western State Design, Inc.",873246.0,779045.0,0.85,-0.5,,,,,,,,,,,https://www.gao.gov/products/b-413735
"Ameritac, Inc.",Ameritac,Alutiiq,12815595.0,12466324.0,0.5,0.5,0.5,0.0,,,,,,,,,https://www.gao.gov/products/b-413611%2Cb-413611.2
"Federal Maintenance Logistics Solutions, LLC",FMLS,AC First,456892382.0,463427870.0,0.0,0.0,1.0,1.0,,,,,,,,,https://www.gao.gov/products/b-412270.5
Science Applications International Corporation,SAIC,BATTELLE,212665838.0,205900710.0,0.5,-0.25,1.0,0.0,,,0.5,0.5,,,,,https://www.gao.gov/products/b-413501%2Cb-413501.2
Shearwater Systems LLC,Shearwater,BA-ZAI,122707258.0,134120291.0,1.0,1.0,0.5,1.0,1.0,0.5,,,,,,,https://www.gao.gov/products/b-413573%2Cb-413573.2%2Cb-413573.3
"National Disability Rights Network, Inc.",NDRN,ISN,25085621.0,54667940.0,0.85,0.5,0.85,0.5,0.85,0.85,0.85,0.85,,,,,https://www.gao.gov/products/b-413528
"Ultra Electronics - 3 Phoenix, Inc.",UE3P,L3CSC,41467793.0,34047478.0,,,0.0,-0.25,,,0.5,0.5,,,,,https://www.gao.gov/products/b-412998
"AGVIQ, LLC",AGVIQ,Cape,94023531.0,88232894.0,,,1.0,1.0,,,,,0.5,0.5,,,https://www.gao.gov/products/b-413586
"DRS Network & Imaging Systems, LLC",DRS,Lockheed,50131720.0,28667979.0,,,,,,,0.0,0.0,,,,,https://www.gao.gov/products/b-413409%2Cb-413409.2
"Advanced Technology Systems, Inc.",ATS,SGT,13131543.0,13252150.0,0.0,-0.25,0.75,0.75,0.0,0.0,,,,,,,https://www.gao.gov/products/b-413291
SSI,SSI,YSG,56440311.0,56511040.0,,,0.0,0.0,,,0.5,0.5,,,,,https://www.gao.gov/products/b-413486%2Cb-413486.2
Honeywell Technology Solutions Inc.,Honeywell,L-3 NSS,440190572.0,431863241.0,,,,,,,0.75,0.75,,,,,https://www.gao.gov/products/b-413317%2Cb-413317.2
"Atherton Construction, Inc.",Atherton,Hal Hays,15762891.0,17534469.0,0.5,0.5,0.0,0.0,,,,,0.0,1.0,,,https://www.gao.gov/products/b-412846.2
Choctaw Staffing Solutions,CSS,ADC,18146600.0,16571684.0,0.0,0.0,1.0,0.0,,,,,,,,,https://www.gao.gov/products/b-413434
"MacAulay-Brown, Inc.",MACAULAY,L-3,45049280.0,47770023.0,0.5,0.5,1.0,1.0,,,,,,,,,https://www.gao.gov/products/b-413311%2Cb-413311.2
"Lockheed Martin Integrated Systems, Inc.",LMIS,SAIC,564338100.0,567719507.0,1.0,1.0,,,,,,,,,1.0,1.0,https://www.gao.gov/products/b-410189.5%2Cb-410189.6
"Engineering Design Technologies, Inc.",EDT,Whitesell-Green,32498000.0,32070000.0,1.0,0.0,,,,,,,,,,,https://www.gao.gov/products/b-413281
AAR Defense Systems & Logistics,L-3,AAR,2136844074.0,2025165331.0,0.75,0.75,0.0,0.0,,,,,,,,,https://www.gao.gov/products/b-413284
AM Pierce & Associates Inc.,"AM Pierce & Associates, Inc.","Island Creek Associates, LLC",10984999.0,11397642.0,0.5,1.0,0.0,0.0,1.0,1.0,,,,,,,https://www.gao.gov/products/b-413128%2Cb-413128.2
"Cape Environmental Management, Inc.",Cape,MEB,15971700.0,14904786.0,,,1.0,0.0,,,,,0.5,0.0,0.5,0.5,https://www.gao.gov/products/b-412046.3
"Mare Solutions, Inc.","Mare Solutions, Inc.","SAW Contracting, Inc.",6825000.0,6084000.0,1.0,-0.25,1.0,0.0,,,,,,,,,https://www.gao.gov/products/b-413238%2Cb-413238.2
"ADNET Systems, Inc.",ADNET,SSAI,253353964.0,241751023.0,,,1.0,1.0,,,,,,,,,https://www.gao.gov/products/b-413033%2Cb-413033.2
Space Systems/Loral LLC,SSL,Aerojet,65100421.0,50964789.0,,,0.75,0.25,,,,,,,,,https://www.gao.gov/products/b-413131
BOSH Global Services,BOSH,Novetta,10750585.0,6611634.0,1.0,-0.25,1.0,-0.25,,,,,,,,,https://www.gao.gov/products/b-413115
"Innovative Management & Technology Approaches, Inc.",IMTAS,DHA,32661951.0,34276118.0,0.25,0.25,,,0.25,0.25,0.25,0.25,,,,,https://www.gao.gov/products/b-413084%2Cb-413084.2
"CliftonLarsonAllen, LLP",CLA,KEARNEY,4910373.0,4721032.25,0.85,0.75,0.85,0.85,,,,,,,,,https://www.gao.gov/products/b-412938%2Cb-412938.2
"GeoSystems Analysis, Inc.",GEOSYSTEMS,SOUND SCIENCE,1825349.2,1971700.0,1.0,0.0,1.0,0.0,,,,,1.0,0.85,,,https://www.gao.gov/products/b-413016
"URS Federal Services, Inc.",URS,SimVentions,37800727.0,35975244.0,1.0,-0.25,1.0,1.0,,,1.0,0.0,,,,,https://www.gao.gov/products/b-413034%2Cb-413034.2%2Cb-413034.3
"Social Impact, Inc.",Social Impact,MSI,13369557.0,15963273.0,1.0,1.0,0.75,0.75,1.0,1.0,1.0,1.0,,,,,https://www.gao.gov/products/b-412941%2Cb-412941.2
"Trade Links General Trading and Contracting, WLL",Trade Links,Al-Tahouna,1720062.0,2525160.0,,,0.0,1.0,,,,,,,,,https://www.gao.gov/products/b-412364.3%2Cb-412364.5
"BAE Systems Technology Solutions & Services, Inc.",BAE,LEIDOS,49935666.0,69944737.0,0.5,1.0,1.0,1.0,,,0.5,0.0,,,,,https://www.gao.gov/products/b-411810.3
"Arctic Slope Mission Services, LLC",Arctic,Bennett,147992822.0,162395449.0,0.5,1.0,1.0,1.0,,,,,,,,,https://www.gao.gov/products/b-412851%2Cb-412851.2
Level 3 Communications LLC,Level 3,Verizon,98664800.0,60128000.0,0.0,-1.0,0.0,0.0,,,,,,,,,https://www.gao.gov/products/b-412854%2Cb-412854.3%2Cb-412854.4
"NCI Information Systems, Inc.",NCI,ASEE,122658528.0,126280475.0,0.5,0.5,0.0,0.0,,,,,,,,,https://www.gao.gov/products/b-412680%2Cb-412680.2
Metropolitan Life Insurance Company,MetLife,UCCI,2931102425.0,3137512826.0,1.0,1.0,1.0,1.0,,,1.0,1.0,,,0.0,0.0,https://www.gao.gov/products/b-412717%2Cb-412717.2
Discover Technologies LLC,DISCOVER,TRIPLE-I,28756932.78,29563701.61,0.75,0.75,,,0.75,-0.75,0.0,0.0,0.0,0.0,,,https://www.gao.gov/products/b-412773%2Cb-412773.2
"Booz Allen Hamilton, Inc.",Booz Allen,Honeywell,34649104.08,37616516.57,0.5,1.0,,,,,,,,,,,https://www.gao.gov/products/b-412744%2Cb-412744.2
"Wyle Laboratories, Inc.",WYLE,BAH,141084130.0,166578562.0,0.5,-1.0,0.0,0.0,,,0.5,0.0,,,,,https://www.gao.gov/products/b-412964%2Cb-412964.3
"National Sourcing, Inc.",NSI,SDS,14465220.0,14755528.0,,,0.0,1.0,,,,,,,,,https://www.gao.gov/products/b-411703.2
Tetra Tech AMT,Tetra Tech,Dell,51144220.0,57915818.0,0.0,-0.5,0.75,0.75,-0.25,0.75,0.75,0.75,,,,,https://www.gao.gov/products/b-411934.2%2Cb-411934.3
"Addvetco, Inc.",Addvetco,Mare Solutions,2084000.0,1485000.0,0.5,0.0,1.0,1.0,,,0.5,0.0,0.5,0.5,,,https://www.gao.gov/products/b-412702%2Cb-412702.2
"LOGC2, Inc.",LOGC2,Octo,29747590.0,27067501.0,0.5,0.0,,,,,,,,,,,https://www.gao.gov/products/b-412700.2
"Cape Environmental Management, Inc.",Cape,MEB,15971700.0,14904786.0,,,1.0,0.0,,,,,0.5,0.0,0.5,0.5,https://www.gao.gov/products/b-412046.4%2Cb-412046.5
"Cape Environmental Management, Inc.",Cape,MEB,15971700.0,14904786.0,,,0.0,0.0,,,,,0.5,-1.0,0.5,0.5,https://www.gao.gov/products/b-412046.4%2Cb-412046.5
"CACI Enterprise Solutions, Inc.",CACI,SAIC,447829138.0,451422629.0,,,0.85,0.75,,,,,,,,,https://www.gao.gov/products/b-412648%2Cb-412648.2
"Encentric, Inc.",Encentric,B&E,16449557.0,16841905.0,1.0,0.0,1.0,1.0,1.0,-0.25,0.0,0.0,,,,,https://www.gao.gov/products/b-412368.3
"Ikun, LLC",Ikun,Arctic Slope,24441478.0,22072995.0,,,,,,,,,,,,,https://www.gao.gov/products/b-411776.3%2Cb-411776.4%2Cb-411776.5
"Spectrum Comm, Inc.",Spectrum,Jacobs,7971137.36,8369751.55,,,0.75,1.0,,,,,,,,,https://www.gao.gov/products/b-412395.2
"22nd Century Technologies, Inc.",22nd Century,DigiFlight,24779983.0,25498778.0,0.5,-0.25,0.0,0.0,0.0,0.5,0.0,0.0,,,,,https://www.gao.gov/products/b-412547%2Cb-412547.2%2Cb-412547.3
"Data Matrix Solutions, Inc.",Data Matrix,Survice,3583944.0,1792015.0,0.5,-1.0,1.0,,0.5,-1.0,0.5,0.0,,,,,https://www.gao.gov/products/b-412520
General Dynamics Land Systems,GDLS,SAIC,1192997066.0,868883267.0,,,,,,,,,,,0.0,0.0,https://www.gao.gov/products/b-412525%2Cb-412525.2
"DynCorp International, LLC",DYNCORP,URS,43936903.0,49434057.0,0.0,0.5,0.0,0.0,,,1.0,1.0,,,0.0,0.0,https://www.gao.gov/products/b-412451%2Cb-412451.2
American Technology Solutions International Corporation,ATSI,Epsilon,10569750.0,8011944.0,,,0.0,0.0,,,0.0,0.0,,,,,https://www.gao.gov/products/b-412442%2Cb-412442.2
"J.E. McAmis, Inc.",JEM,Kiewit,21490700.0,20015001.0,,,1.0,0.0,0.5,0.5,,,1.0,0.5,0.5,1.0,https://www.gao.gov/products/b-412321%2Cb-412321.2
"Avon Protection Systems, Inc.",Avon,Ocenco,21962150.0,33865689.0,0.5,0.5,1.0,1.0,,,,,,,,,https://www.gao.gov/products/b-411569.2
"MILVETS Systems Technology, Inc.",MILVETS,ASC,304355573.0,307763064.0,0.5,0.0,0.75,0.75,,,,,,,,,https://www.gao.gov/products/b-411721.2%2Cb-411721.3
"XLA Associates, Inc.",XLA,Macfadden,112936390.0,109360328.0,1.0,-0.25,0.75,0.75,,,1.0,-0.25,,,1.0,1.0,https://www.gao.gov/products/b-412333.2
"Systems Engineering Partners, LLC",SEP,Arctic Slope,202751987.0,202092142.0,0.5,,,,,,0.85,0.5,,,,,https://www.gao.gov/products/b-412329%2Cb-412329.2
ManTech Systems Engineering Corp.,ManTech,Celeris,11225256.0,15094111.0,-0.25,0.5,1.0,1.0,,,-0.25,0.5,,,1.0,0.5,https://www.gao.gov/products/b-412132
"CACI-ISS, Inc.",CACI,PAE,29259186.0,29999887.0,,,1.0,1.0,,,1.0,0.5,,,,,https://www.gao.gov/products/b-412074
Bannum Inc.,Bannum,Dismas,7840087.2,8003016.0,1.0,0.0,1.0,0.75,,,,,,,,,https://www.gao.gov/products/b-411586.2
Lovelace Scientific and Technical Services,Lovelace,BNBI,480571040.0,459829786.0,0.5,0.0,0.75,0.75,,,0.0,0.0,,,0.0,0.0,https://www.gao.gov/products/b-412345
Data Recognition Corporation,DRC,Ipsos,31886935.98,35136581.57,1.0,0.5,0.0,0.0,,,1.0,0.5,0.5,0.5,,,https://www.gao.gov/products/b-411767.7
"Main Sail, LLC",Main Sail,GovSG,54592059.0,49857815.0,0.5,0.0,1.0,1.0,1.0,0.0,1.0,-0.25,1.0,0.5,,,https://www.gao.gov/products/b-412138%2Cb-412138.2
"DKW Communications, Inc.",DKW,Harmonia,2106296.0,2934533.0,0.85,0.5,0.75,0.85,0.85,0.85,0.85,0.5,0.85,0.85,,,https://www.gao.gov/products/b-411853.2%2Cb-411853.3%2Cb-411853.4
"Diversified Technology & Services of Virginia, Inc.",DTSV,FCi,459982888.0,446512681.0,,,0.75,0.75,,,1.0,1.0,1.0,0.5,0.0,0.0,https://www.gao.gov/products/b-412090.2%2Cb-412090.3
Scaletta Armoring,Scaletta Armoring,O’Gara Group,601896.0,549720.0,1.0,0.75,1.0,0.75,,,,,,,,,https://www.gao.gov/products/b-412302
"AMTIS-Advantage, LLC",A-A,Brillient,162558158.0,149384322.0,0.85,0.0,0.75,0.75,,,0.85,0.0,0.85,0.85,,,https://www.gao.gov/products/b-411623%2Cb-411623.2
"United Airlines, Inc.",United,JetBlue,699000000.0,750000000.0,,,,,,,,,,,,,https://www.gao.gov/products/b-411987%2Cb-411987.3
"Shivoy, Inc.",Shivoy,USIT,4226766.24,3500190.14,0.0,0.0,0.0,0.0,0.0,-1.0,,,,,,,https://www.gao.gov/products/b-412027%2Cb-412027.2
"Pioneering Evolution, LLC",Pioneering,AOC,43291233.0,38873219.0,0.5,-1.0,0.0,0.0,0.5,-1.0,0.5,-0.25,1.0,0.5,,,https://www.gao.gov/products/b-412016%2Cb-412016.2
"DRS Technical Services, Inc.",DRS,GDIT,132124527.0,152100568.0,,,0.0,0.0,,,0.0,0.0,,,,,https://www.gao.gov/products/b-412070
"Sodexo Federal Services, Inc.",Sodexo,GSI,18013968.0,17196163.0,0.25,1.0,0.25,0.25,,,0.25,1.0,,,,,https://www.gao.gov/products/b-412052%2Cb-412052.2
"INDUS Technology, Inc.",INDUS,Celeris,33261912.0,31816188.0,0.0,0.5,1.0,0.0,,,0.5,0.0,,,,,https://www.gao.gov/products/b-411919%2Cb-411919.2%2Cb-411919.3
Bannum Inc.,Bannum,Greenbrier,4020765.0,3878445.0,,,0.75,0.75,,,,,,,,,https://www.gao.gov/products/b-412045
DA Defense Logistics HQ,DA Defense,Marton,60236910.59,58319660.57,0.0,0.0,1.0,0.0,,,,,,,,,https://www.gao.gov/products/b-411153.3
2H&V Construction Services,2H&V,Stone & Lime,9966316.0,9942685.0,0.5,-0.25,0.85,0.25,,,0.0,0.0,1.0,0.0,,,https://www.gao.gov/products/b-411959
AQuate Corporation,AQuate,CNI,20590914.0,19195394.0,0.0,0.0,1.0,0.0,,,,,,,,,https://www.gao.gov/products/b-411909
"Aerostar Perma-Fix TRU Services, LLC",APT,North Wind,129862925.0,112167552.0,,,1.0,1.0,0.5,0.5,,,1.0,-0.25,,,https://www.gao.gov/products/b-411733%2Cb-411733.4
"Affordable Engineering Services, Inc.",AES,SA-Tech,78144174.0,82600914.0,,,1.0,0.0,,,1.0,0.5,,,,,https://www.gao.gov/products/b-407180.4%2Cb-407180.5%2Cb-407180.6
"McConnell Jones Lanier & Murphy, LLP",MJLM,API,49016599.0,49819618.0,,,0.0,0.0,0.75,0.75,,,,,,,https://www.gao.gov/products/b-409681.3%2Cb-409681.4
Ernst & Young LLP,EY,PWC,34744588.8,24984000.0,1.0,0.5,,,1.0,0.5,1.0,0.5,1.0,0.5,,,https://www.gao.gov/products/b-411728%2Cb-411728.2
Lockheed Martin Corporation,Lockheed,Raytheon,199676069.0,178327983.0,,,1.0,1.0,,,,,,,0.0,0.0,https://www.gao.gov/products/b-411365.2
"Advanced Technologies and Laboratories International, Inc.",ATL,WAI,44562457.0,52055496.0,1.0,0.5,1.0,1.0,1.0,1.0,,,0.5,1.0,,,https://www.gao.gov/products/b-411658%2Cb-411658.2%2Cb-411658.3
Lowe Campbell Ewald,LCE,Y&R,112554945.0,136588764.0,,,1.0,1.0,,,,,0.5,1.0,,,https://www.gao.gov/products/b-411614%2Cb-411614.2
Crowder Construction Company,Crowder,CDM,99675591.0,92711078.5,,,1.0,1.0,,,,,1.0,0.5,1.0,0.0,https://www.gao.gov/products/b-411928
"INDUS Technology, Inc.",INDUS,CJS,18138177.0,16759187.0,0.5,-0.25,1.0,1.0,0.0,0.0,0.5,0.0,0.5,-0.25,,,https://www.gao.gov/products/b-411702%2Cb-411702.2%2Cb-411702.3
"FFLPro, LLC",FFLPro,VariQ,5303000.0,7313000.0,1.0,1.0,1.0,1.0,,,0.5,0.5,1.0,1.0,,,https://www.gao.gov/products/b-411427.2
Marianas Management Corporation,MMC,EFC,32060000.000000004,30550000.0,,,,,,,,,,,,,https://www.gao.gov/products/b-411593
"Tabcon, Inc.",Tabcon,Brasfield & Gorrie,21121831.0,18773550.0,,,,,,,,,,,,,https://www.gao.gov/products/b-411554
Partnership for Supply Chain Management,PfSCM,CHEMONICS,765996537.0,812866344.0,,,0.75,0.75,,,0.75,0.75,,,1.0,1.0,https://www.gao.gov/products/b-411490%2Cb-411490.2
"Cape Henry Associates, Inc.",Cape Henry,Prism Maritime,46578109.0,43004192.0,1.0,0.0,1.0,-0.25,1.0,0.0,1.0,0.0,,,,,https://www.gao.gov/products/b-411492%2Cb-411492.2
"CenterScope Technologies, Inc.",CENTERSCOPE,AAI,25531172.0,32115065.0,1.0,1.0,0.0,0.0,0.5,0.5,,,,,,,https://www.gao.gov/products/b-411293%2Cb-411293.2
"Research Analysis & Maintenance, Inc.",RAM,CTS,25245075.0,28744239.0,,,1.0,1.0,,,,,,,0.5,0.5,https://www.gao.gov/products/b-410570.6%2Cb-410570.7
"STG, Inc.",STG,SRA,19638276.27,21911592.76,0.0,0.0,0.5,1.0,,,0.5,0.5,,,0.5,0.5,https://www.gao.gov/products/b-411415%2Cb-411415.2
DZSP 21 LLC--Reconsideration,DZSP,Fluor,617439000.0,555823000.0,1.0,0.0,1.0,1.0,,,,,,,0.5,1.0,https://www.gao.gov/products/b-410486.4
DZSP 21 LLC--Reconsideration,DZSP,Fluor,572077165.0,532284994.0,1.0,0.5,1.0,1.0,,,,,,,1.0,1.0,https://www.gao.gov/products/b-410486.4
"Alliant Enterprise JV, LLC",AEJV,SBD,79567255.0,106506993.0,0.5,0.5,1.0,0.0,,,,,,,,,https://www.gao.gov/products/b-410352.5%2Cb-410352.6
"Modus Operandi, Inc.",Modus Operandi,Connexta,1805857.0,1441042.0,,0.25,,,,,,,,,,,https://www.gao.gov/products/b-411341%2Cb-411341.2
"Omega Apparel, Inc.",Omega,Bremen,8637552.0,10389960.0,,,1.0,1.0,,,,,,,,,https://www.gao.gov/products/b-411266
"Strategic Intelligence Group, LLC",SIG,CWU,143095520.0,144816590.0,1.0,0.0,0.0,0.0,,,0.5,0.0,,,,,https://www.gao.gov/products/b-410881.3
"HP Enterprise Services, LLC",HPES,KCG,29050520.0,30672628.0,0.85,-0.5,,,0.0,0.0,0.0,0.0,,,,,https://www.gao.gov/products/b-411205%2Cb-411205.2
"Cherokee Nation Technology Solutions, LLC",Cherokee,AGEISS,11404145.0,12400457.0,0.5,0.5,0.0,0.0,,,,,,,,,https://www.gao.gov/products/b-411140
"Lanmark Technology, Inc.",LANMARK,CACI-ATHENA,34321639.01,33666983.6,1.0,1.0,1.0,1.0,,,1.0,1.0,,,,,https://www.gao.gov/products/b-410214.3
"ACC Construction-McKnight Joint Venture, LLC",ACC,Walsh,51959542.0,51705102.9,,,0.0,0.0,,,1.0,-1.0,,,0.5,0.0,https://www.gao.gov/products/b-411073
"Gaver Technologies, Inc.",Gaver,Peerless,108467033.0,111048084.0,,,1.0,1.0,,,,,,,,,https://www.gao.gov/products/b-409535.3
"Diamond Information Systems, LLC",Diamond,TMS,27950325.0,23689189.0,0.85,-0.25,0.85,0.5,,,,,,,,,https://www.gao.gov/products/b-410372.2%2Cb-410372.3
"Visual Connections, LLC",Visual,Knight Point,19958456.0,13947748.0,,,,,,,,,,,,,https://www.gao.gov/products/b-410777%2Cb-410777.2
"ERIMAX, Inc.",ERIMAX,VMSI,140301185.0,145845652.0,1.0,1.0,1.0,1.0,,,1.0,1.0,,,,,https://www.gao.gov/products/b-410682
"Tridentis, LLC",Tridentis,PAI,18399428.0,18591758.0,1.0,0.5,1.0,0.0,1.0,1.0,0.0,0.0,1.0,0.5,,,https://www.gao.gov/products/b-410202.2%2Cb-410202.3
"Southwind Construction Services, LLC",Southwind,HGL,112278.0,114210.0,1.0,1.0,1.0,0.5,1.0,0.5,,,,,,,https://www.gao.gov/products/b-410333.2
"Portage, Inc.",Portage,Navarro,58777282.0,57558951.0,0.85,0.85,0.85,0.85,0.85,0.85,,,0.85,0.5,,,https://www.gao.gov/products/b-410702%2Cb-410702.4
"Bart & Associates, Inc.",Bart,Northrop,209843044.0,215960715.0,1.0,0.5,1.0,0.0,,,1.0,0.0,,,1.0,1.0,https://www.gao.gov/products/b-407996.5%2Cb-407996.6%2Cb-407996.7
"InfoPro, Inc.",InfoPro,Unisys,310520126.0,298209750.0,1.0,0.75,1.0,1.0,,,0.75,0.0,,,,,https://www.gao.gov/products/b-408642.2%2Cb-408642.3
"Council for Logistics Research, Inc.",CLR,SPECTRUM,35589697.3,55969241.61,0.75,0.85,,,,,,,0.75,0.85,,,https://www.gao.gov/products/b-410089.2%2Cb-410089.3
Computer Sciences Corporation,CSC,Northrop,62274005.0,65683367.0,0.5,0.5,0.5,0.5,0.85,0.5,0.5,0.5,0.5,0.5,,,https://www.gao.gov/products/b-409386.2%2Cb-409386.3
Computer Sciences Corporation,CSC Initial Proposal,CSC FPR,65683367.0,58533545.0,0.5,0.0,0.5,0.5,0.5,0.0,0.5,0.5,0.5,0.5,,,https://www.gao.gov/products/b-409386.2%2Cb-409386.3
"HP Enterprise Services, LLC",HPES,BAH,99638573.0,128086941.0,1.0,0.5,,,,,,,,,,,https://www.gao.gov/products/b-410212.2
"Hughes Network Systems, LLC",Hughes,Artel,18500000.0,19100000.0,1.0,1.0,0.75,1.0,,,,,,,,,https://www.gao.gov/products/b-409666.5%2Cb-409666.6
"The SI Organization, Inc.",SI,TASC,25130128.0,24321283.0,,,1.0,1.0,,,,,,,0.5,0.5,https://www.gao.gov/products/b-410496%2Cb-410496.2
"Harmonia Holdings Group, LLC",HARMONIA,22nd CENTURY,39997993.4,41457184.61,1.0,1.0,1.0,1.0,1.0,,1.0,1.0,,,,,https://www.gao.gov/products/b-410633%2Cb-410633.2
"Harmonia Holdings Group, LLC",Harmonia,Soliel,5488898.0,5923787.95,1.0,0.0,1.0,0.0,,,0.0,0.0,,,,,https://www.gao.gov/products/b-410591%2Cb-410591.2
"CyQuest Business Solutions, Inc.",CyQuest,IMRG,105900954.65,91511944.13,0.5,0.0,0.85,0.0,,,0.5,0.5,,,,,https://www.gao.gov/products/b-410366%2Cb-410366.2%2Cb-410366.3
"Research and Development Solutions, Inc.",RDSI,ICI,11062549.0,15003019.0,0.5,0.5,0.0,1.0,,,0.0,0.0,,,,,https://www.gao.gov/products/b-410581%2Cb-410581.2
"Amyx, Inc.",Amyx,22nd Century,42053180.0,40170320.0,0.5,0.5,0.5,1.0,0.5,0.5,0.5,0.0,0.0,0.5,,,https://www.gao.gov/products/b-410623%2Cb-410623.2
"Hi-Way Paving, Inc.",HI-WAY,ARCHER,51900000.0,49850000.0,1.0,0.0,1.0,0.0,,,,,1.0,0.5,0.0,1.0,https://www.gao.gov/products/b-410662
Science Applications International Corporation,SAIC,SupplyCore,18238107.0,22072484.0,1.0,1.0,0.0,0.0,,,,,,,,,https://www.gao.gov/products/b-408690.2%2Cb-408690.3
Science Applications International Corporation,SAIC,Noble,22520719.0,34879924.0,1.0,1.0,0.0,0.0,,,,,,,,,https://www.gao.gov/products/b-408690.2%2Cb-408690.3
"MAXIMUS Federal Services, Inc.",Maximus,C2C[7],58309053.0,60111060.0,0.85,0.75,,0.75,,0.75,,,,,,,https://www.gao.gov/products/b-410359
Lockheed Martin Corporation,Lockheed,Exelis,516756481.0,504178107.0,1.0,0.0,1.0,1.0,,,,,,,1.0,1.0,https://www.gao.gov/products/b-410329%2Cb-410329.2%2Cb-410329.3
"Avaya Government Solutions, Inc.",Avaya,Pragmatics,36815548.3,34816505.8,,,0.0,0.0,,,,,0.0,1.0,,,https://www.gao.gov/products/b-410387
"Hickory Ground Solutions, LLC",Hickory,LinTech,4140602.0,6683498.0,,,0.0,-0.25,,,0.25,-1.0,,,,,https://www.gao.gov/products/b-410404%2Cb-410404.2
Global Integrated Security (USA) Inc.,Global,Triple Canopy,327668050.0,314986728.0,0.5,0.5,0.85,-0.25,,,,,,,,,https://www.gao.gov/products/b-408916.3%2Cb-408916.4%2Cb-408916.5
"Advanced Alliant Solutions Team, LLC",AAST,Agile,23348895.0,25641197.0,0.0,0.0,,,,,1.0,1.0,,,,,https://www.gao.gov/products/b-410207%2Cb-410207.2
"The Walsh Federal, LLC",WALSH,CADDELL,157810500.0,154744000.0,1.0,1.0,1.0,1.0,,,,,1.0,0.5,0.5,0.5,https://www.gao.gov/products/b-410316
"Metal Works of Montana, Inc.",Metal Works,SNF,5143339.0,5086459.0,1.0,-0.25,1.0,0.0,,,,,,,,,https://www.gao.gov/products/b-410377
"BAE Systems Technology Solutions & Services, Inc.",BAE,WEXFORD-CACI,149571258.0,149749490.0,0.85,0.0,,,,,0.85,-0.5,,,,,https://www.gao.gov/products/b-409914%2Cb-409914.2
"Erickson Helicopters, Inc.",Erickson,AAR,42579005.0,41159294.0,0.0,0.0,0.0,-0.25,,,,,,,,,https://www.gao.gov/products/b-409903%2Cb-409903.2
The Boeing Company,Boeing,Harris,158200000.0,160920000.0,1.0,0.0,0.0,0.0,,,0.0,0.0,,,0.0,0.5,https://www.gao.gov/products/b-409941%2Cb-409941.2
Fox RPM Corporation,Fox RPM,Gilbane,4874715.0,4995083.0,0.75,0.0,0.0,0.0,,,,,,,,,https://www.gao.gov/products/b-409676.2%2Cb-409676.3
"NJVC, LLC",NJVC,L-3,217865554.0,241315968.0,0.5,0.0,0.0,1.0,,,0.5,0.5,,,0.5,0.5,https://www.gao.gov/products/b-410035%2Cb-410035.2
"Walsh Construction Company II, LLC",Walsh,Kokolakis,48800000.0,44300000.0,,,0.0,0.0,,,,,,,,,https://www.gao.gov/products/b-410015%2Cb-410015.2%2Cb-410015.3
Superior Government Solutions,Superior,ECS,28808185.12,32801714.93,1.0,0.5,0.0,0.0,,,1.0,0.5,,,,,https://www.gao.gov/products/b-409475.4%2Cb-409475.5
"Computech, Inc.",COMPUTECH,POWER AUCTIONS,16422223.0,14063644.28,0.5,0.5,1.0,0.5,1.0,0.5,,,1.0,0.5,,,https://www.gao.gov/products/b-409195.2%2Cb-409195.3
"Bowhead Science and Technology, LLC",BOWHEAD,IMAGINE ONE,26226283.28,28779999.26,1.0,1.0,1.0,1.0,,,1.0,1.0,,,,,https://www.gao.gov/products/b-409871
"Bannum, Inc.",Bannum,Dismas,11541215.28,11197032.0,0.75,0.0,0.75,0.75,0.75,0.75,,,,,,,https://www.gao.gov/products/b-409831
"Sigmatech, Inc.",Sigmatech,TCSI,20186633.0,28616386.0,,,,,,,,,1.0,1.0,,,https://www.gao.gov/products/b-409837%2Cb-409837.2%2Cb-409837.3
"Corps Solutions, LLC",Corps Solutions,ITA,12364324.0,12224468.66,1.0,0.5,1.0,1.0,,,0.5,0.5,,,,,https://www.gao.gov/products/b-409298.2
"WKG and Associates, LLC",WKG,D DIAMOND,36000.0,16000.0,,,0.75,0.0,,,,,,,,,https://www.gao.gov/products/b-409835
"National Forensic Science Technology Center, Inc.",NFSTC,NEK,8232079.6,8102722.78,0.0,-0.25,0.0,0.0,,,0.5,0.5,0.5,0.5,,,https://www.gao.gov/products/b-409457.2%2Cb-409457.3
"Constellation NewEnergy, Inc",CNE,HESS,378818845.46,375844622.83,0.5,0.5,0.0,,,,,,,,,,https://www.gao.gov/products/b-409353.2%2Cb-409353.3
"Cajun Constructors, Inc.",Cajun,Boh Bros.,82621693.1,84842181.51,0.0,0.5,1.0,0.0,,,0.5,0.5,,,0.0,-0.25,https://www.gao.gov/products/b-409685
"Richen Management, LLC",Richen,Sparkle,535371.0,451425.0,,,0.75,0.0,,,,,,,,,https://www.gao.gov/products/b-409697
Acquisition Services Corporation,ASC,Quantech,42040079.0,53070962.0,0.85,0.85,0.0,0.0,0.85,1.0,,,,,,,https://www.gao.gov/products/b-409570.2
"BCF Solutions, Inc.",BCF,Quantech,42040079.0,59427008.0,0.85,0.85,0.0,0.0,0.85,1.0,,,,,,,https://www.gao.gov/products/b-409570
"H P Enterprise Services, LLC",HPES,XTEC,38906029.0,53040456.0,1.0,1.0,1.0,1.0,,,1.0,1.0,,,1.0,1.0,https://www.gao.gov/products/b-409169.3%2Cb-409169.4
"Vigor Shipyards, Inc.",Vigor,Earl,94377585.0,125086650.0,0.0,0.5,0.85,0.85,,,,,,,,,https://www.gao.gov/products/b-409635
"Strijder Group K9, LLC",Strijder,Cobra,7389925.0,6933743.0,0.75,-0.25,1.0,0.0,,,0.0,0.75,0.75,-0.25,,,https://www.gao.gov/products/b-409139.2
"Star Contract Services, LLC",SCS,Alianza,8313601.0,8999976.0,,,0.0,0.0,,,,,0.0,0.0,,,https://www.gao.gov/products/b-409424
"Cambridge Project Development, Inc.",Cambridge,Niessen,9980000000.0,9700000000.0,1.0,1.0,1.0,1.0,,,,,,,,,https://www.gao.gov/products/b-409451
Ashland Sales & Service Co.,Ashland,Creighton,25008336.37,25235877.0,0.0,0.0,1.0,0.0,,,,,,,,,https://www.gao.gov/products/b-408010.6%2Cb-408010.7
"Hallmark Capital Group, LLC",HALLMARK,DPMS,74647810.0,73140146.0,0.5,0.0,1.0,1.0,,,0.0,0.0,,,,,https://www.gao.gov/products/b-408661.3%2Cb-408661.4%2Cb-408661.5
"Ma-Chis Kawv V, LLC",Ma-Chis,SBH,41631715.0,39454979.0,0.0,0.5,1.0,,,,,,0.75,,,,https://www.gao.gov/products/b-409344
Nuclear Production Partners LLC,NPP,CNS,445680000.0,485900000.0,,,0.0,0.0,0.85,0.85,,,0.85,0.85,,,https://www.gao.gov/products/b-407948.10%2Cb-407948.11
Kelvin International Corporation,Kelvin,HII,42351675.0,46306179.0,0.0,0.0,0.0,-0.25,,,,,,,,,https://www.gao.gov/products/b-408346%2Cb-408346.2%2Cb-408346.3
"Western Alternative Corrections, Inc.",WAC,AWS,6885855.0,7496506.8,0.75,0.0,0.75,0.75,,,,,,,,,https://www.gao.gov/products/b-409315%2Cb-409315.2
"Savvee Consulting, Inc.",Savvee,Edmonds,28070395.0,28243139.0,,,0.5,0.5,0.85,0.85,0.85,0.5,0.85,0.5,,,https://www.gao.gov/products/b-408416.3
"Savvee Consulting, Inc.",Savvee,Edmonds,28070395.0,28243139.0,,,0.85,0.85,0.85,0.85,0.85,0.85,0.85,0.85,,,https://www.gao.gov/products/b-408416.3
"Wolf Creek Federal Services, Inc.",Wolf Creek,HMS,29300000.0,26900000.0,,,0.25,0.0,,,,,,,,,https://www.gao.gov/products/b-409187%2Cb-409187.2%2Cb-409187.3
"Wolf Creek Federal Services, Inc.",Wolf Creek,HMS,29300000.0,26900000.0,,,0.25,0.0,,,,,,,,,https://www.gao.gov/products/b-409187%2Cb-409187.2%2Cb-409187.3
"The Panther Brands, LLC",Panther Brands,RLL,12693967.47,17219658.47,1.0,0.5,,,0.5,0.5,,,,,,,https://www.gao.gov/products/b-409073
"Gulf Coast Petroleum Reserve Operations, LLC",GCPRO,Fluor,98056245.0,114107977.0,,,0.5,0.5,1.0,0.5,0.5,0.5,0.5,0.5,,,https://www.gao.gov/products/b-409004.2%2Cb-409004.3%2Cb-409004.4%2Cb-409004.6
DM Petroleum Operations Company,DM,Fluor,98056245.0,96660755.0,,,0.5,0.5,1.0,1.0,0.5,0.0,0.5,1.0,,,https://www.gao.gov/products/b-409004%2Cb-409004.5
"UNICCO Government Services, Inc.",UNICCO,EMCOR,45063374.0,44023193.0,,,0.0,0.0,,,0.0,0.0,0.0,0.0,,,https://www.gao.gov/products/b-409111%2Cb-409111.2%2Cb-409111.3
"GBTI Solutions, Inc.",GBTI,BITS,6701806.5,5756613.0,,,0.5,0.0,0.0,0.0,0.5,0.5,,,,,https://www.gao.gov/products/b-409114.3%2Cb-409114.5
IBM Global Business Service - U.S. Federal,IBM,BAE,32211059.0,33747652.0,0.5,0.5,,,,,,,,,,,https://www.gao.gov/products/b-409029%2Cb-409029.2
"IntelliDyne, LLC",IntelliDyne,DHA,15583044.48,16533394.2,0.5,0.0,0.75,0.75,0.0,0.5,,,,,,,https://www.gao.gov/products/b-409107%2Cb-409107.2%2Cb-409107.3
DynCorp International LLC,DynCorp,Gulfstream,649900000.0,639000000.0,0.0,0.0,1.0,0.0,,,,,,,,,https://www.gao.gov/products/b-406523.2%2Cb-406523.3
"IAP-Leopardo Construction, Inc.",IAP,Alutiiq,29369459.0,32190727.0,,,,,,,,,0.5,1.0,,,https://www.gao.gov/products/b-408890
"TeleCommunication Systems, Inc.",iSYS,TCS,59203198.0,65062206.0,0.5,0.5,0.75,1.0,,,0.0,0.0,0.0,0.5,0.0,0.0,https://www.gao.gov/products/b-408269.2
"Lanmark Technology, Inc.",Lanmark,CS,16851104.85,13135761.0,,,1.0,0.0,0.5,-0.25,,,,,,,https://www.gao.gov/products/b-408892
"CACI-WGI, Inc.",CACI,ATS,64662849.0,103518089.0,,,0.0,1.0,,,0.0,0.0,1.0,1.0,1.0,1.0,https://www.gao.gov/products/b-408520.2
"Swift & Staley, Inc.",Swift & Staley,EnviroSmart,8571717.0,14164947.0,0.0,0.0,,,,,,,0.0,1.0,,,https://www.gao.gov/products/b-408792
"SRA International, Inc.",SRA,CSC,365462364.0,361922439.0,0.5,0.0,,,0.5,0.0,0.0,0.5,0.0,0.85,,,https://www.gao.gov/products/b-407709.5%2Cb-407709.6
"CACI Technologies, Inc.",CACI,MEP,79123624.0,86519272.0,0.5,1.0,,,,,,,,,0.5,0.5,https://www.gao.gov/products/b-408858%2Cb-408858.2
"Solutions by Design Alliant-JV, LLC",SBD Alliant,AAC,190451354.0,163012512.0,0.75,0.0,0.75,0.75,,,0.0,0.0,,,,,https://www.gao.gov/products/b-408058.4
"Bannum, Inc.",Bannum,Alston Wilkes,6364675.0,6380808.0,0.75,0.0,0.0,0.75,0.75,0.75,,,,,,,https://www.gao.gov/products/b-408736
"Ashridge, Inc.",Ashridge,Moorhead,4589321.0,4678990.0,,,1.0,1.0,,,,,1.0,1.0,,,https://www.gao.gov/products/b-408469
VariQ Corporation,VARIQ,FWG,23031176.0,16639355.0,0.5,-0.25,0.0,-0.25,,,0.5,-0.25,,,,,https://www.gao.gov/products/b-407193
"Analytical Innovative Solutions, LLC",AIS,HEP,59556.0,60000.0,0.85,0.5,0.85,0.5,,,,,,,,,https://www.gao.gov/products/b-408727
"Peridot Solutions, LLC",Peridot,eGlobalTech,6726282.0,6686195.0,0.85,0.85,1.0,0.5,,,,,,,,,https://www.gao.gov/products/b-408638
"Shaw Environmental & Infrastructure, Inc.",SHAW,TETRA TECH,1343725.0,1012248.0,0.5,0.5,0.85,0.85,,,0.85,-0.25,0.85,0.85,,,https://www.gao.gov/products/b-408502
"Metro Offices, Inc.",Metro,Cross,7982720.0,9534274.0,0.5,0.85,0.0,0.85,,,,,,,,,https://www.gao.gov/products/b-408477%2Cb-408477.2
"IntegriGuard, LLC d/b/a HMS Federal--Protest and Reconsideration",HMS,GHI,320695677.0,307520805.0,0.5,0.0,0.0,0.5,,,0.5,0.0,0.5,0.5,,,https://www.gao.gov/products/b-407691.3%2Cb-407691.4
"Segovia, Inc. d/b/a Inmarsat Government",Inmarsat,DRS,95816622.0,109583852.0,,,,,,,,,,,,,https://www.gao.gov/products/b-408376%2Cb-408376.2
"Total Solutions, Inc.",Total Solutions,PeopleTec,35012607.0,34293310.0,0.85,0.0,0.0,0.0,0.0,0.0,1.0,1.0,,,,,https://www.gao.gov/products/b-408371.2%2Cb-408371.3
"Networking & Engineering Technologies, Inc.",NET,Arrowpoint,34894795.08,51087116.59,0.5,0.5,0.0,0.0,,,0.5,0.5,0.5,0.5,,,https://www.gao.gov/products/b-405062.4%2Cb-405062.5%2Cb-405062.6
"Silverback7, Inc.",Silverback7,Pluribus,19399536.0,24029905.0,,,1.0,1.0,,,0.0,0.0,1.0,0.0,,,https://www.gao.gov/products/b-408053.2%2Cb-408053.3
"Science Applications International Corporation, Inc.",SAIC,SRA,74436946.0,76704426.0,1.0,1.0,1.0,1.0,,,,,,,,,https://www.gao.gov/products/b-408270%2Cb-408270.2
"Lockheed Martin Integrated Systems, Inc.",Lockheed,L-3,362008060.0,348918288.0,0.85,0.5,0.85,0.5,0.85,0.0,0.85,0.85,,,,,https://www.gao.gov/products/b-408134.3%2Cb-408134.5
Kollsman Inc.,KOLLSMAN,L-3,35676406.0,53625250.0,0.5,1.0,1.0,1.0,,,,,,,,,https://www.gao.gov/products/b-406990.4%2Cb-406990.5
"Dorado Services, Inc.",DORADO,COSTAR,29098246.0,30060665.0,0.5,0.0,1.0,1.0,,,0.5,0.0,0.5,0.5,,,https://www.gao.gov/products/b-408075%2Cb-408075.2
"Quest Diagnostics, Inc.",Quest,LabCorp,125143183.0,137960124.0,0.5,0.5,0.75,1.0,,,0.85,0.5,,,0.0,0.0,https://www.gao.gov/products/b-405081.5
IN2 LLC,IN2,Choctaw,16297005.0,13160848.0,1.0,-1.0,0.0,0.0,,,,,,,,,https://www.gao.gov/products/b-408099%2Cb-408099.2%2Cb-408100
IN2 LLC,IN2,Choctaw,4218401.0,3098101.0,1.0,-1.0,0.0,0.0,,,,,,,,,https://www.gao.gov/products/b-408099%2Cb-408099.2%2Cb-408100
"Enterprise Information Services, Inc.",EIS,CSC,119598408.0,58151325.0,0.5,-1.0,,,,,,,,,,,https://www.gao.gov/products/b-407105.3
Onsite Health Inc,ONSITE,LHI,749425040.0,786307085.0,1.0,0.5,,,,,1.0,0.5,,,,,https://www.gao.gov/products/b-408032%2Cb-408032.2
"Turner-Southland- Dean, JV",Turner,Clark-McCarthy,648930000.0,628888670.0,1.0,0.5,,,1.0,0.0,,,,,1.0,0.0,https://www.gao.gov/products/b-407998
Hensel Phelps Construction Company,Hensel,Clark-McCarthy,648930000.0,629988000.0,1.0,0.0,,,1.0,0.5,,,,,1.0,1.0,https://www.gao.gov/products/b-407998.3
Advanced Computer Concepts,Advanced Computer,Futron,813184.0,795270.0,1.0,1.0,0.5,-0.25,,,,,,,,,https://www.gao.gov/products/b-408084
"WingGate Travel, Inc.--Reconsideration",WingGate,Travco,5379809.0,6150501.0,0.0,1.0,1.0,1.0,,,,,,,,,https://www.gao.gov/products/b-405007.17
Triad Logistics Services Corporation,Triad,Trailboss,1646645.0,2271691.0,0.0,0.0,0.0,0.0,,,,,,,,,https://www.gao.gov/products/b-407842.2
"Trailblazer Health Enterprises, LLC",TrailBlazer,Novitas,413460127.0,400162071.0,0.25,-0.25,0.25,-0.25,,,,,,,,,https://www.gao.gov/products/b-407486.2%2Cb-407486.3
"Contract Services, Inc.",CSI,ALOG,15432182.0,18214198.0,,,0.85,0.85,,,,,,,,,https://www.gao.gov/products/b-407894%2Cb-407894.2
"Wyle Laboratories, Inc.",Wyle,Imagine One,65865248.0,88932685.0,,,1.0,1.0,,,0.5,0.5,,,,,https://www.gao.gov/products/b-407784
"Building Operations Support Services, LLC",BOSS,Chugach,105013549.0,98328704.0,0.85,0.75,,,,,0.75,0.5,,,,,https://www.gao.gov/products/b-407711%2Cb-407711.2
Wisconsin Physicians Service Insurance Corporation,WPS,NGS,330100000.0,326800000.0,0.25,0.25,0.25,0.25,,,,,,,,,https://www.gao.gov/products/b-401068.14%2Cb-401068.15
"Noridian Administrative Services, LLC",NAS,NGS,330100000.0,339900000.0,0.25,0.25,0.25,0.25,,,,,,,,,https://www.gao.gov/products/b-401068.13
"LC Engineers, Inc.",LC,GDIT,2198168.0,2021987.0,0.5,-1.0,0.75,-0.25,,,1.0,,,,,,https://www.gao.gov/products/b-407754
LS3 Technologies Inc.,LS3,ELECTROSOFT,6897193.0,1924337.0,0.5,-1.0,0.75,0.75,,,,,,,,,https://www.gao.gov/products/b-407459%2Cb-407459.2
Optimal Solutions & Technologies,OST,Metters,12419617.0,12414925.0,0.5,0.0,1.0,1.0,0.5,0.0,0.5,0.0,0.0,0.0,0.0,0.0,https://www.gao.gov/products/b-407467%2Cb-407467.2
"Walton Construction - a CORE Company, LLC",Walton,Sauer,114026060.0,123950700.0,0.5,1.0,0.85,0.85,,,,,,,0.5,0.0,https://www.gao.gov/products/b-407621%2Cb-407621.2
"Lamar Strong Associates, LLC",LSA,SKI,16065018.0,15335246.0,0.5,-1.0,0.0,1.0,0.5,-1.0,,,,,,,https://www.gao.gov/products/b-407170
"Strategic Resources, Inc.",SRI,AFSC,18045741.0,21492054.0,1.0,1.0,,,,,,,,,,,https://www.gao.gov/products/b-406841.2
"Pinnacle Solutions, Inc.",PSI,LSI,30800000.0,32100000.0,0.5,0.0,1.0,1.0,,,0.5,0.0,,,0.5,0.5,https://www.gao.gov/products/b-406998%2Cb-406998.2
"General Dynamics C4 Systems, Inc.",General Dynamics,Serco,36483412.0,33187744.0,1.0,0.0,0.5,1.0,,,,,1.0,0.5,0.5,0.5,https://www.gao.gov/products/b-407069%2Cb-407069.2
"KinetX Aerospace, Inc.",KinetX,VPSI,75153602.0,65421254.0,1.0,0.5,1.0,0.0,1.0,0.5,0.5,0.5,1.0,0.5,,,https://www.gao.gov/products/b-406798%2Cb-406798.2%2Cb-406798.3
LOGMET LLC,LOGMET,B3 Solutions,4446429.0,4062299.0,,,1.0,0.0,,,,,,,,,https://www.gao.gov/products/b-407061
SENTEL Corporation,SENTEL,NTA,12800000.0,12600000.0,0.5,0.0,0.0,1.0,0.5,0.5,,,,,,,https://www.gao.gov/products/b-407060%2Cb-407060.2
"General Dynamics Information Technology, Inc.",GDIT,SAIC,150697838.06,165809367.2,0.5,0.5,1.0,1.0,,,0.5,0.5,,,,,https://www.gao.gov/products/b-407057
Science Applications International Corporation,SAIC,Lockheed,699344018.0,819875885.0,1.0,1.0,0.0,1.0,,,0.5,0.5,,,,,https://www.gao.gov/products/b-406921%2Cb-406921.2
Camber Corporation,CAMBER,VSE,17811936.0,14679245.0,0.85,0.0,,,,,0.85,-0.25,0.85,0.85,,,https://www.gao.gov/products/b-405812.2
"Paragon TEC, Inc.",Paragon,Alphaport,28011958.0,27997104.0,0.85,0.85,,,,,0.5,0.5,,,,,https://www.gao.gov/products/b-405384
"Enterprise Information Services, Inc.",EIS,SUPRTEK,13270784.0,9384576.0,0.0,-1.0,1.0,1.0,,,,,,,,,https://www.gao.gov/products/b-405152%2Cb-405152.2%2Cb-405152.3
"A-Tek, Inc.",A-TEK,TEG,17873358.8,20366425.36,1.0,0.0,1.0,1.0,1.0,0.0,1.0,0.0,,,,,https://www.gao.gov/products/b-404581.3
"901 North Fifth Street, LLC",901 North,Lenexa,21400000.0,22060000.0,,,,,,,,,,,,,https://www.gao.gov/products/b-404997%2Cb-404997.2
New Orleans Support Services LLC,NOSS,FSI,22458034.0,25688557.0,0.0,0.5,0.85,0.85,,,0.5,0.5,0.0,0.5,,,https://www.gao.gov/products/b-404914
L-3 STRATIS,L-3,Perot,252075339.0,218737580.0,,,,,,,,,,,,,https://www.gao.gov/products/b-404865
Wood Cuts,Wood Cuts,Ketchikan,174000.0,172300.0,,,1.0,,,,1.0,,1.0,,,,https://www.gao.gov/products/b-403960.3
"Career Innovations, LLC",CI,Cornerstone,5277287.0,5631198.0,,,,,,,,,,,,,https://www.gao.gov/products/b-404377.4
"Marine Hydraulics International, Inc.",MH,Earl,84402522.0,87098331.0,0.75,0.0,1.0,0.75,,,1.0,0.75,,,,,https://www.gao.gov/products/b-403386.3
"AWS Convergence Technologies, Inc.",AWS,GSTI,4596339.0,5149623.0,,,,,,,,,,,,,https://www.gao.gov/products/b-404002.2%2Cb-404002.3
"United Concordia Companies, Inc.",UCCI,MLIC,3091000000.0,3225000000.0,1.0,1.0,1.0,1.0,,,1.0,1.0,,,,,https://www.gao.gov/products/b-404740
"Synovate, Inc.",Synovate,Altarum,19915232.84,22369578.54,0.85,-0.5,,1.0,,,0.5,-0.5,,,,,https://www.gao.gov/products/b-404689
"Celeris Systems, Inc.",CELERIS,HANA,36780901.0,47796940.0,0.75,-0.25,0.75,0.0,,,0.75,0.0,,,,,https://www.gao.gov/products/b-404651
"Marine Group Boat Works, LLC",Marine Group,Pacific,19934000.0,20095236.0,0.5,0.5,0.5,0.5,,,,,,,,,https://www.gao.gov/products/b-404277%2Cb-404277.2
DPK Consulting,DPK,Chemonics,14994749.0,13997345.0,,,,,,,,,,,,,https://www.gao.gov/products/b-404042%2Cb-404042.2
"Bulltrack-Watts II, Joint Venture",Larkor,BTW,7673000.0,8281600.0,0.5,0.85,0.5,0.85,,,,,0.5,0.5,,,https://www.gao.gov/products/b-403032.2%2Cb-403032.4
"L&amp;N/MKB, Joint Venture",L&N,Larkor,8281600.0,8324588.0,0.85,0.85,0.85,0.85,,,,,0.5,0.5,,,https://www.gao.gov/products/b-403032.3
ITW Military GSE,ITW,DRS,27504827.0,33247187.0,0.0,0.0,0.25,,,,0.0,0.0,,,,,https://www.gao.gov/products/b-403866.3
"ProActive, LLC",ProActive,ATI,6890000.0,7290000.0,,,,,,,,,,,,,https://www.gao.gov/products/b-403545
Retail Clean Management Systems,Retail Clean,JA Farrington,2225958.12,1619259.84,,,0.0,0.0,,,,,0.85,0.0,,,https://www.gao.gov/products/b-403651%2Cb-403651.2
"Effective Shareholder Solutions, Inc.",ESS,Sterling,285189.16,280065.0,1.0,-1.0,,,1.0,1.0,,,1.0,,,,https://www.gao.gov/products/b-401796.3
"Staff Tech, Inc.",Staff Tech,Bearskin,11997256.0,12597916.0,,,,,,,1.0,1.0,,,,,https://www.gao.gov/products/b-403035.2%2Cb-403035.3
"Archer Western Contractors, Ltd.",Archer,Sundt,13987412.0,13350000.0,0.85,0.5,,,,,,,,,,,https://www.gao.gov/products/b-403227%2Cb-403227.2
"Apptis, Inc.",APPTIS,BAH,33275408.0,38945300.0,,,,,,,,,,,,,https://www.gao.gov/products/b-403249%2Cb-403249.3
"DynCorp International, LLC",DynCorp,L-3,441301131.0,412152301.0,0.0,0.0,0.5,0.5,,,0.5,0.5,,,0.5,0.0,https://www.gao.gov/products/b-403065%2Cb-403065.2
Science Applications International Corporation,SAIC,BAH,40473665.0,35648796.0,1.0,1.0,1.0,1.0,,,1.0,-0.25,,,,,https://www.gao.gov/products/b-403051
"CIGNA Government Services, LLC",CIGNA,Palmetto,304452184.0,332546903.0,0.75,0.75,0.5,0.5,1.0,1.0,,,,,,,https://www.gao.gov/products/b-401068.4%2Cb-401068.5
"MCR Federal, LLC",MCR,Scitor,20227658.0,17548404.0,0.75,0.75,,,0.75,0.5,0.75,0.5,,,,,https://www.gao.gov/products/b-401954.2
"Imagine One Technology &amp; Management, Ltd.",Imagine One,ASTM,21686552.7,22132249.5,1.0,0.5,1.0,1.0,,,1.0,0.5,1.0,1.0,,,https://www.gao.gov/products/b-401503.4
"Eggs &amp; Bacon, Inc.",EBI,View One,2481591.0,2779162.47,0.5,0.85,0.85,0.85,,,,,-0.25,-0.25,,,https://www.gao.gov/products/b-402591.2
"Cornerstone Construction Company, Inc.",Cornerstone,Davis,19839494.0,21197383.0,0.85,0.5,0.5,0.5,,,,,,,0.0,0.0,https://www.gao.gov/products/b-402747
Metro Machine Corp.,Metro,BAE,415326382.0,412012550.0,1.0,0.75,1.0,1.0,,,1.0,1.0,,,,,https://www.gao.gov/products/b-402567%2Cb-402567.2
James Construction,James,Greenleaf,8499786.0,7912000.0,,,0.5,0.0,,,,,,,,,https://www.gao.gov/products/b-402429
"FAS Support Services, LLC",FAS,VBR,285668291.0,300984994.0,-1.0,0.0,1.0,1.0,,,,,,,,,https://www.gao.gov/products/b-402464%2Cb-402464.2%2Cb-402464.3
"InnovaTech, Inc.",InnovaTech,Guident,17202723.0,17003642.0,,,,,,,,,,,,,https://www.gao.gov/products/b-402415
Apptis Inc.--Costs,APPTIS,EDS,114326058.0,97025632.0,0.5,-0.25,0.75,0.75,,,0.5,-0.25,0.5,-0.25,,,https://www.gao.gov/products/b-402146.3
"Carthage Area Hospital, Inc.",Carthage,Valor,6292800.0,5612245.0,,,0.75,0.75,,,0.85,0.5,,,,,https://www.gao.gov/products/b-402345
DynaLantic Corporation,DynaLantic,Fidelity,10360426.0,10455000.0,1.0,0.5,1.0,0.5,,,,,,,,,https://www.gao.gov/products/b-402326
Ball Aerospace &amp; Technologies Corporation,AT&T,BALL,1376532.0,876613.0,0.5,0.0,0.5,0.5,,,0.5,0.0,,,,,https://www.gao.gov/products/b-402148
Alsalam Aircraft Company,ALSALAM,DYNCORP,64841937.0,76264855.0,1.0,0.0,0.75,0.75,,,,0.0,,,,,https://www.gao.gov/products/b-401298.4
"Digital Solutions, Inc.",DSI,SAIC,47860746.0,49096184.0,0.75,0.75,0.85,0.85,,,,,,,,,https://www.gao.gov/products/b-402067
Clark/Caddell Joint Venture,Clark/Caddell,Harbert,32947000.0,32456000.0,0.5,0.85,,,,,,,,,,,https://www.gao.gov/products/b-402055
"ITT Corporation, Systems Division",ITT,RMS,337898657.0,337924690.0,,,1.0,0.75,1.0,1.0,,,0.0,0.0,0.75,0.0,https://www.gao.gov/products/b-310102.6%2Cb-310102.7%2Cb-310102.8%2Cb-310102.9
Washington-Harris Group,WHG,SKYLINE,66166889.0,66361308.0,,,1.0,0.75,0.85,0.0,0.75,0.0,1.0,1.0,,,https://www.gao.gov/products/b-401794%2Cb-401794.2
"TransAtlantic Lines, LLC",TransAtlantic,Sealift,39031093.0,42415356.0,0.0,0.0,0.0,0.0,,,,,,,,,https://www.gao.gov/products/b-401825
"Hotel Contracting Services, Inc.",HCS,GLOBAL,4274022.0,3978749.0,,,0.75,0.75,,,,,,,,,https://www.gao.gov/products/b-401807%2Cb-401807.2
"A P Logistics, LLC",APL,Agility,30920441.0,24504468.0,,,0.75,0.75,,,,,,,0.0,-0.25,https://www.gao.gov/products/b-401600
Burchick Construction Company,Burchick,Walsh,38500000.0,36900000.0,,,,,,,,,,,,,https://www.gao.gov/products/b-400342.3
"Exeter Government Services, LLC",Exeter,Kinsail,2084000.0,2241198.0,,,,,,,,,,,,,https://www.gao.gov/products/b-400977%2Cb-400977.2
"Savannah River Tank Closure, LLC",STC,SRR,3331172426.0,2780564311.0,1.0,-0.25,0.5,1.0,1.0,0.5,0.0,0.0,1.0,0.5,,,https://www.gao.gov/products/b-400953%2Cb-400953.2%2Cb-400953.3
W.G. Yates &amp; Sons Construction Company,Yates,Walton,230660600.0,209980000.0,0.5,0.0,,,,,,,,,,,https://www.gao.gov/products/b-400753.3
Marinette Marine Corporation,MMC,Bollinger,1336213976.0,1090561192.0,,,0.0,0.0,,,0.0,0.0,0.0,0.0,,,https://www.gao.gov/products/b-400697%2Cb-400697.2%2Cb-400697.3
"Integrated Management Resources Group, Inc.",IMRG,Randstad,22553779.0,22256494.0,0.5,0.5,0.5,0.0,,,0.5,0.5,0.85,0.5,,,https://www.gao.gov/products/b-400550
"Advant-EDGE Solutions, Inc.",AES,NEIE,1866523.0,1584835.0,0.85,0.0,1.0,0.75,,,,,,,,,https://www.gao.gov/products/b-400367.2
"Fintrac, Inc.",FINTRAC,CNFA,23999834.0,25687783.0,,,,,,,,,,,,,https://www.gao.gov/products/b-311462.2%2Cb-311462.3
Aegis Defence Services Limited,Aegis,GSG-IS,16952194.0,31843581.0,0.85,0.85,0.85,0.85,0.85,0.85,0.85,0.85,0.85,0.5,,,https://www.gao.gov/products/b-400093.4%2Cb-400093.5
"Savantage Financial Services, Incorporated",Savantage,MIL,15582336.0,15022283.68,1.0,0.0,1.0,1.0,1.0,1.0,1.0,0.0,0.0,0.0,,,https://www.gao.gov/products/b-400109.2
"Global Solutions Network, Inc.",GSN,AC,6611936.0,8142006.0,0.75,0.75,-0.5,0.75,0.75,0.5,,,,,,,https://www.gao.gov/products/b-298682.3%2Cb-298682.4
"Pemco Aeroplex, Inc.",Pemco,Boeing,1165138187.0,1180186789.0,,,0.0,0.0,,,0.25,0.25,,,0.25,0.25,https://www.gao.gov/products/b-310372.3
"General Dynamics C4 Systems, Inc.",General Dynamics,Northrop,277200000.0,217500000.0,-0.5,-0.5,,,,,,,,,,,https://www.gao.gov/products/b-299675.2%2Cb-299675.3%2Cb-299675.4
"General Dynamics C4 Systems, Inc.",General Dynamics,Northrop,277200000.0,215600000.0,0.0,-0.5,,,,,,,,,,,https://www.gao.gov/products/b-299675.2%2Cb-299675.3%2Cb-299675.4
"Hogar Crea, Inc.",HCI,VOA,11266261.0,12287492.0,0.25,0.25,1.0,1.0,0.25,0.25,,,,,,,https://www.gao.gov/products/b-311265
"Savannah River Alliance, LLC",SRA,SRNS,473146404.0,424859509.0,,,0.5,0.5,0.85,0.5,0.5,0.5,0.85,0.85,,,https://www.gao.gov/products/b-311126%2Cb-311126.2%2Cb-311126.3%2Cb-311126.4
CETENAGROUP,CETENAGROUP,Lincoln Group,14300000.0,17800000.0,0.75,1.0,1.0,1.0,,,,,,,,,https://www.gao.gov/products/b-310797%2Cb-310797.3
"Recon Optical, Inc.",ROI,Kongsberg,513270432.4,539446515.8,1.0,-1.0,0.75,-0.5,,,1.0,,,,0.25,1.0,https://www.gao.gov/products/b-310436%2Cb-310436.2
"Comprehensive Health Services, Inc.",CHS,LHI,784474334.0,706953207.0,1.0,0.0,0.5,0.0,,,1.0,0.0,,,,,https://www.gao.gov/products/b-310553
"Firestorm Wildland Fire Suppression, Inc.",Firestorm,Ferguson,943500.0,975420.0,1.0,0.0,0.0,0.0,,,,,,,,,https://www.gao.gov/products/b-310136
AlliedBarton Security Services LLC,AlliedBarton,Knight,156657383.0,156430339.0,0.0,1.0,0.75,0.75,0.75,0.75,0.75,1.0,,,,,https://www.gao.gov/products/b-299978%2Cb-299978.3%2Cb-299978.4
AlliedBarton Security Services LLC,AlliedBarton,Inner Parish,241225283.0,238937006.0,0.75,0.75,0.75,0.75,0.75,0.75,0.75,1.0,,,,,https://www.gao.gov/products/b-299929%2Cb-299929.3%2Cb-299929.5
"Paragon Systems, Inc.",Paragon,NCLN20,25625518.0,26156096.0,,,-0.5,0.0,,,,,,,,,https://www.gao.gov/products/b-299548.2
Harris Corporation,Harris,Raytheon,955383722.0,779400693.0,0.5,0.5,0.5,0.5,,,0.5,0.5,,,,,https://www.gao.gov/products/b-299864%2Cb-299864.2%2Cb-299864.3
"Metson Marine Services, Inc.",Metson,Seaward,8174687.22,7533034.0,0.85,0.0,1.0,0.0,0.85,-0.25,0.85,0.85,,,,,https://www.gao.gov/products/b-299705.2
"Metson Marine Services, Inc.",METSON,SEAWARD,5574946.69,5830990.0,0.0,-1.0,1.0,1.0,0.0,-1.0,1.0,1.0,,,,,https://www.gao.gov/products/b-299705
IBM Global Business Services,IBM,CSC,751700000.0,798100000.0,,,1.0,,,,0.75,0.75,,,,,https://www.gao.gov/products/b-298833.4%2Cb-298833.5
Boersma Travel Services,BTS,Duluth,2989143.0,2669798.0,0.25,0.25,,0.25,,,,,,,,,https://www.gao.gov/products/b-297986.2
"TPL, Inc.",TPL,GD-OTS,247373339.0,211858108.0,0.5,0.5,,0.25,,,,0.25,,,0.25,,https://www.gao.gov/products/b-297136.10%2Cb-297136.11
"TPL, Inc.",TPL,GD-OTS,247373339.0,211858108.0,0.5,0.5,,0.25,,,,0.25,,,0.25,,https://www.gao.gov/products/b-297136.10%2Cb-297136.11
Lifecare Management Partners,Lifecare,Wright,12869512.0,24138510.0,0.85,0.85,0.5,0.5,0.85,0.85,,,0.5,0.85,,,https://www.gao.gov/products/b-297078%2Cb-297078.2
"Standard Communications, Inc.",SCI,dNovus RDI,29174715.0,24708167.0,,,,,,,1.0,0.25,,,,,https://www.gao.gov/products/b-296972
"ADC, Ltd.",ADC,MPRI,9418552.0,4397248.0,0.85,-1.0,0.85,-0.25,,,0.85,-1.0,,,,,https://www.gao.gov/products/b-297061
EDO Corporation,EDO,Raytheon,3103972.0,2739118.0,,,,,,,,,,,0.25,0.25,https://www.gao.gov/products/b-296861
"Kola Nut Travel, Inc.",Kola Nut,Alamo,1239578.0,1815401.0,0.5,0.0,,,,,,,,,,,https://www.gao.gov/products/b-296090.4
"Kola Nut Travel, Inc.",Kola Nut,Wingate,1108573.0,2149632.0,0.5,0.0,,,,,,,,,,,https://www.gao.gov/products/b-296090.4
"Hospital Klean of Texas, Inc.",Hospital Klean,Integrity,4010557.24,3923943.83,0.5,0.5,0.75,0.75,,,-0.25,0.5,0.0,0.0,,,https://www.gao.gov/products/b-295836%2Cb-295836.2
Park Tower Management Ltd.,Park Tower,LB&B,29531152.0,31422970.0,,,,,,,,,,,,,https://www.gao.gov/products/b-295589%2Cb-295589.2
"The OMO Group, Inc.",OMO,RehabPlus,12577386.8,12058919.67,,,,,,,1.0,1.0,1.0,0.25,,,https://www.gao.gov/products/b-294328
Camber Corporation,Camber,STI,130100946.0,143509770.0,,,0.85,0.85,,,,,,,,,https://www.gao.gov/products/b-293930%2Cb-293930.2
"U.S. Facilities, Inc.",USF,ELC,23800000.0,25300000.0,0.75,0.5,,,,,,,,,,,https://www.gao.gov/products/b-293029%2Cb-293029.2-0
"Base Technologies, Inc.",BTI,LAJV,15009062.2,15854126.2,,,,,,,,,,,,,https://www.gao.gov/products/b-293061.2%2Cb-293061.3-0
"ViroMed Laboratories, Inc.",ViroMed,CDD,16855623.0,17809189.0,,,0.85,0.85,,,,,,,,,https://www.gao.gov/products/b-289959.7-0
"Innovative Management, Inc.",IMI,CMSE,1489194.0,1495252.0,,,1.0,1.0,,,1.0,1.0,1.0,1.0,,,https://www.gao.gov/products/b-292818%2Cb-292818.2-0
"RVJ International, Inc.",RVJ,McDonald Bradley,3321149.0,2876757.0,1.0,0.0,0.5,0.0,0.5,-1.0,1.0,0.0,,,,,https://www.gao.gov/products/b-292161%2Cb-292161.2-0
Prime Environmental Services Company,Prime,North State,792718.0,679682.0,,,,,,,,,,,,,https://www.gao.gov/products/b-291148.3-0
"Si-Nor, Inc.",Si-Nor,Red River,5090000000.0,4520000000.0,1.0,-0.25,0.25,0.25,1.0,-1.0,,,1.0,0.25,0.25,0.25,https://www.gao.gov/products/b-290150.4%2Cb-290150.5-0
"Pueblo Environmental Solution, LLC",Pueblo Environ.,Bechtel,163900000.0,91400000.0,0.85,0.5,0.75,0.75,0.75,0.75,0.75,0.75,,,0.85,0.85,https://www.gao.gov/products/b-291487%2Cb-291487.2-0
"Engineering Services Unlimited, Inc.",ESU,Mainthia,18176129.0,18343935.0,,,0.0,0.0,,,,,,,,,https://www.gao.gov/products/b-291275%2Cb-291275.2-0
"OCR Services, Inc.",OCR,Brogan,18125905.0,17388645.0,,,,,,,,,,,,,https://www.gao.gov/products/b-290946-0
